scenario,fraction,pearson_r_mean,pearson_r_std,spearman_r_mean,spearman_r_std,kendall_tau_mean,kendall_tau_std,r2_mean,r2_std,mse_mean,mse_std,rmse_mean,rmse_std,mae_mean,mae_std,n_points
cliffs,0.0,0.5515203579343849,0.15560069666151488,0.5537040254518425,0.1629355691156651,0.40089355162080104,0.14327688724440638,0.3108078762787517,0.20569170117653865,0.341770139742738,0.1837376643037797,0.5554325262531664,0.1969999744751863,0.42349397986501003,0.14769468103146174,7
cliffs,0.01,0.4940461954599818,0.19808151136763721,0.5096615208574369,0.17622736854218157,0.36785796365092266,0.15380893388146505,0.2557392667601533,0.24916550556732966,0.38074313817295363,0.2521206112739871,0.5799459858208277,0.2276109772992924,0.44727933710740553,0.173484914314417,7
cliffs,0.02,0.473378631965054,0.19308822889052585,0.49957448905776564,0.17955611052592163,0.35971973453258743,0.1535848934029942,0.23151371964425,0.23298513624791348,0.38616230341174734,0.23382548713089255,0.5877855533347542,0.21782757971957584,0.45310687205329153,0.16963500350298863,7
cliffs,0.03,0.5016384852592431,0.16751599215699212,0.5257675634324369,0.1845307006254384,0.3811097821070223,0.15347277996861913,0.24797603514780256,0.2085714715404852,0.36896111473236687,0.1909783546909093,0.579085868170871,0.198050794881889,0.4397563909466878,0.14886730734011008,7
cliffs,0.04,0.4662632085292965,0.1917716118286949,0.48736465069662793,0.18022175249258418,0.3504258307328927,0.14859584450804778,0.21612294630621848,0.23913989336773384,0.3967472944112636,0.2631655823340658,0.5940021066919071,0.2263336554727258,0.4577089992081122,0.1694149256002888,7
cliffs,0.05,0.41544886556247546,0.23312536354590097,0.4605738105536852,0.19182644432746795,0.3297251740711764,0.16148771403417037,0.07765360208828839,0.4019806019901113,0.4883203247958371,0.41433124985667663,0.6459332113482039,0.2879914000199296,0.4928363034237235,0.21073692783480028,7
cliffs,0.06,0.42467697566452406,0.18115834597519642,0.45758454211189853,0.19428744165381254,0.32233076999454324,0.15598998990885113,0.10705061421983741,0.2850911460251261,0.45368740616819964,0.30853613094401594,0.6340465861778084,0.24552879297252367,0.49271186287468005,0.1969428712934949,7
cliffs,0.07,0.474438014145329,0.15660608693033504,0.49571132912314475,0.16961055787289564,0.3546442159252818,0.13505183736382978,0.16856942847364006,0.261954781144171,0.4240853444242849,0.29965825717815675,0.6121734376659907,0.23989691761373183,0.4742874624378651,0.185356070523638,7
cliffs,0.08,0.44662292532142367,0.1624020077419154,0.4691808143982006,0.16471299649521506,0.3296333425621996,0.1394954165718155,0.1596754502795226,0.22354907957111464,0.4168415102224688,0.25658883558133955,0.612770727225872,0.21964927442888488,0.4731399320489783,0.1707292788315781,7
cliffs,0.09,0.46602386108339744,0.1689205223652526,0.4922248309415856,0.21451581648695991,0.35525145876360115,0.16711170504849732,0.1448664064458885,0.2846592432516199,0.4087650895130338,0.21292037095938532,0.6112860162284844,0.20234519644071944,0.4640744774295314,0.1610828051174983,7
cliffs,0.1,0.4151706262419364,0.15345185499529254,0.46306284664279534,0.1516200522447567,0.33045213660348205,0.12622648283438484,0.1389789172939119,0.16515969775598416,0.41514304131412766,0.22246294230371644,0.6173376277346192,0.19927412563260807,0.47555617210855194,0.16354185095942886,7
cliffs,0.11,0.3367153883355206,0.2426335582130296,0.389282458312648,0.25687675055411,0.27136463294588853,0.20315254929205434,-0.06426520541142085,0.5382718608154542,0.5688407215099861,0.5599951832314406,0.6900078357815687,0.3289147195677914,0.5216075947548134,0.2368227433640031,7
cliffs,0.12,0.3866970895236919,0.2010533033881787,0.412111086254054,0.22141216740675945,0.29408091168077294,0.17312435716471974,0.08017473761532047,0.30218933774521767,0.46791856300729723,0.3553590992918627,0.641838875151426,0.25551580168407895,0.49425410728406416,0.19986675805789048,7
cliffs,0.13,0.38421561335097687,0.21364518846261601,0.4428743058855126,0.1739815729780342,0.3201305276184602,0.13217794861757,0.03732654279536799,0.3698475296761963,0.4952892145553153,0.41786577431915634,0.6551566498076223,0.27761269524800636,0.4829318989712609,0.18950019908776403,7
cliffs,0.14,0.44376122267054424,0.12839682008349249,0.46510165490010424,0.14857333841992285,0.3328098603004634,0.11835397044043114,0.07330426577102937,0.2776160541514843,0.44984212473371704,0.2675211646752043,0.6384349994293194,0.22199854866710814,0.4834497127342474,0.17132921529859688,7
cliffs,0.15,0.4668426905687424,0.14352586561551386,0.4832345914596537,0.14657745648340018,0.3536154583797737,0.11654561557319644,0.1730046665227005,0.1685907202434511,0.385360504743218,0.17394650297596917,0.5993698150117702,0.17455386330672665,0.46582484081832193,0.1459113331487093,7
cliffs,0.16,0.4616613818020196,0.13865560394280715,0.515400868085519,0.12734578898367224,0.36527893078657236,0.10816076163413166,0.15713905723801355,0.17542112145417948,0.4056299974558258,0.21836716763593417,0.6100428662268851,0.19762923693564327,0.4680416503849695,0.15678223296154734,7
cliffs,0.17,0.34038724914172386,0.23790662095853554,0.39166713011151083,0.22817984975148442,0.27870120966717365,0.17529969163628167,-0.08541082063783396,0.48649779137718596,0.5640326823874163,0.4853970979788049,0.6946721767803116,0.3082863237216985,0.5259029464603422,0.2288631313271084,7
cliffs,0.18,0.45802508854930485,0.14440044296009405,0.4979723912462272,0.14200500392368698,0.3525586580123243,0.11844241407177557,0.08200087861900486,0.2709788811034469,0.45958908999502773,0.3199423014296606,0.639684500886146,0.24246986247349334,0.4910627653280251,0.18971605099966782,7
cliffs,0.19,0.41812775976481065,0.16148593387796012,0.4845057816842134,0.15100901825173957,0.3426303500914584,0.11789760974886976,0.061483407569782066,0.3166911841049673,0.47779384448099577,0.3755847672263646,0.6476302807754404,0.26095403405135076,0.49531616822133057,0.18642959760606875,7
cliffs,0.2,0.39869957046959803,0.14005961967116104,0.4871136551844738,0.12822300896432878,0.34289263496679645,0.1045900265434692,0.07287466943781515,0.15550957095651624,0.43647149961274717,0.21184814966586424,0.636720955317701,0.1903529496770099,0.4812519958943979,0.15644991056655536,7
cliffs,0.21,0.4230261914840567,0.14400923601765137,0.4590219302967009,0.15437312853796298,0.32888647704021123,0.11951960965810866,0.08101266989398438,0.22384381916206963,0.45273183729788824,0.2980686925104961,0.6386687639485554,0.22870589949401096,0.4903596891667016,0.1788748140505523,7
cliffs,0.22,0.3972050569294779,0.1834574692431823,0.4627772092126799,0.15448870518937663,0.3277771494231357,0.12644034223567704,0.10294034273415746,0.20886275033982077,0.4420495791200386,0.2785471779076545,0.6320836594788937,0.22272508681431327,0.47955048058847377,0.17163213637886215,7
cliffs,0.23,0.3687188105834725,0.22595257005995434,0.44545179202801194,0.17550916292979563,0.3166158793265496,0.13642096111124571,-0.0602053248591066,0.5303904403380609,0.5284895172951704,0.3938591375024933,0.6786956230914039,0.28137530673526573,0.5074617104975913,0.20216269422352937,7
cliffs,0.24,0.34812385936143325,0.2521252207346868,0.3792695039681619,0.2618051578161241,0.27788100622153805,0.19023213964645716,-0.015248235114750644,0.4551581856390815,0.4928379327204488,0.32197274784311497,0.6631152845968098,0.24893518714107915,0.4922251782118468,0.17923776949801457,7
cliffs,0.25,0.41426340183268984,0.15470540343052883,0.45256935773674156,0.15900544040574754,0.31884730122283894,0.1289132101475036,0.045729325997364914,0.3168662611288486,0.48373385813208364,0.3863719852816503,0.6517526957440667,0.2622549561199878,0.4906817895131475,0.18784823724494917,7
cliffs,0.26,0.38419146844176844,0.20574680252067548,0.447980267405089,0.17419010604491342,0.3196851922989538,0.13510358719837892,-0.15325917696580715,0.7072072823276853,0.6310979188032956,0.667031685994446,0.7151878158141141,0.37354833431126605,0.5172382656435861,0.232032714039672,7
cliffs,0.27,0.4162061079208966,0.17988590023651826,0.4966200224159375,0.14220539166186255,0.3548350753038641,0.11434787499753393,0.08017660130775359,0.34244580480261805,0.4351168338852108,0.2424943957645835,0.630131020068975,0.21069809365705663,0.46796410416015416,0.15627250973515883,7
cliffs,0.28,0.4600335111926722,0.1330760279337438,0.496164202372077,0.16632545153428435,0.3521980361775299,0.12301111082776217,0.15585377452711519,0.15789832001338433,0.4041641523290104,0.22015132643693805,0.6094458715157213,0.19543932312876217,0.46734071180135534,0.15323047698597017,7
cliffs,0.29,0.45545297623711256,0.12276058352252617,0.4596822665382005,0.15616823751649642,0.3275288811720719,0.12418673431938058,0.16441575810975104,0.12189227634284394,0.39623915014355127,0.20251145681424418,0.6057184466934704,0.18502711258605903,0.46097157581422693,0.147980726222863,7
cliffs,0.3,0.3899827996207138,0.2045715197969414,0.3927904331055702,0.22958071959518334,0.2755936581690911,0.1816228666743239,0.07994120183692932,0.2817969412337422,0.4539746315319634,0.29540510201394937,0.6380223368644921,0.23392124898405178,0.4881221913942349,0.1821984418103512,7
cliffs,0.31,0.44224953220982827,0.15124727899757795,0.4843230838080507,0.1473029991946034,0.3409085307895388,0.11943923935060756,0.16226764326152826,0.16941131796667536,0.4002641327274737,0.21301143605121894,0.6069388055562813,0.19288421970261418,0.46524317613196936,0.14985204501757132,7
cliffs,0.32,0.4701976676986594,0.12491867585726567,0.5053840858895857,0.13382261842513365,0.36849582623982824,0.10693136782204284,0.013253118397294514,0.5031216370807728,0.4681400882467112,0.3057434899620794,0.6475312203904002,0.23871316402222503,0.47974448065805625,0.17141137523219513,7
cliffs,0.33,0.4803676554051473,0.11696172603441504,0.4894824732998729,0.13260531972101744,0.3528980609982061,0.10587143479149476,0.1349080442221465,0.22289918463244182,0.40292411084389634,0.1908558484081206,0.6117343565838029,0.18300105406448655,0.4677554043850847,0.15222022359047496,7
cliffs,0.34,0.4534463122493642,0.12476561663715252,0.4729958047680641,0.14934204088438713,0.33842959035716313,0.11807115580492664,0.13037260179621576,0.21440675242930357,0.41519337216148766,0.2146691472639727,0.6178173460217329,0.1976805899311014,0.47065079026734996,0.15868459122283385,7
cliffs,0.35,0.35955389716649294,0.26382108581656033,0.41190642926360777,0.2541880859487477,0.2944591973339962,0.18324387490325567,-0.030584232938005575,0.4501983115571031,0.5293103205291342,0.4407245723620901,0.6752377957290125,0.292560443395067,0.5221386392904438,0.23273703707939658,7
cliffs,0.36,0.37662963271537503,0.18791421264596028,0.4432844747156005,0.16681085780432378,0.3199162379703343,0.13079289260381263,0.07546235289716852,0.2094795941996701,0.4545715713322929,0.295309903600684,0.6408705241811922,0.22619895298023182,0.4955273901125481,0.18102902519540273,7
cliffs,0.37,0.46752692257674594,0.11257287055178004,0.49991082927351244,0.14224834348519502,0.3528264400571417,0.11106345806733339,0.11904335680557547,0.19865272661779432,0.43136847072146817,0.2760739224839252,0.6247602962996445,0.21882310215611006,0.47861806212630104,0.1735756907023992,7
cliffs,0.38,0.3902457113832628,0.19118378465423816,0.4364241376024719,0.21119422969261717,0.3121064137957063,0.15870523108669188,-0.028775541198288353,0.4212075937714394,0.5266325760989339,0.4064306864079778,0.6766191961422976,0.2833529238055123,0.5118462814530697,0.21089156087536753,7
cliffs,0.39,0.4140121408441947,0.16232352910977685,0.4582786521991143,0.15973542870297533,0.33218329357419646,0.12935187967086278,0.11720342898822396,0.18356021868656822,0.42895384519707974,0.2614801023932552,0.624737277415312,0.2123677062053306,0.4723203310942225,0.16354508121042552,7
cliffs,0.4,0.359858942842682,0.2227321463758726,0.39552536866765603,0.23465250515983424,0.27760753875262,0.18592183241720153,-0.06379357938742333,0.5662531622983015,0.5704159688302696,0.5885075360283772,0.6880472610923586,0.3364145625402811,0.5336543485642499,0.26199519225578655,7
cliffs,0.41,0.37391917552926995,0.2180362488344885,0.40155663263006197,0.22550843496052284,0.2819985539062158,0.1781345772947594,-0.18352015249457487,0.7193086442005416,0.6394989167684141,0.6595633551589483,0.7215165933032546,0.3724667896818364,0.5490572773268875,0.27966185420285455,7
cliffs,0.42,0.3360323187332249,0.25324880937824196,0.4053810504449382,0.20932305205094037,0.28732000579136613,0.16672946778544337,-0.1384545970493442,0.5799568765564473,0.5911019512658362,0.5006575112320378,0.708770126271818,0.3217732160992871,0.5355020800100853,0.24026951649538145,7
cliffs,0.43,0.38436333270460016,0.20240992625068485,0.4171307088980659,0.22595123145025844,0.2949197959899995,0.17253905911261702,0.05219640059107041,0.34415338576535426,0.4560853105699868,0.27221549967135944,0.6424307625467245,0.2249356135005994,0.49110358239784707,0.1833190667837649,7
cliffs,0.44,0.3887853474946705,0.15604059369042328,0.45105588445826295,0.14790154584996804,0.3241126194299832,0.11427728648341826,0.07574131237876279,0.1870109996256083,0.4436991907383105,0.2460017280651001,0.6379896986075606,0.206832599970206,0.48332246410733937,0.16007164652310327,7
cliffs,0.45,0.4718735611012997,0.13256195256254832,0.5123787486446905,0.143317087143246,0.3641220897128608,0.11758350526401228,0.16561377589773277,0.18803720080278,0.394044145481475,0.18917968845327507,0.6039713049151224,0.18476997332006898,0.4584383039604392,0.14682378759245868,7
cliffs,0.46,0.3997371201494565,0.17970846053902684,0.45831234378884356,0.1662182726975962,0.32812249448760744,0.13292332502210974,0.005588267397619052,0.33576177580673094,0.4986129787092132,0.3522305818640615,0.6646386703870867,0.2575781162246678,0.4937357089578414,0.1798948821153292,7
cliffs,0.47,0.3979932208900824,0.2137061773600485,0.4567078683605142,0.17210190469530073,0.31921153531640895,0.14718557884649539,-0.01916798166677106,0.5706719244288785,0.5489044683274311,0.5824742183292481,0.6727267909826254,0.3352615722963068,0.5154328982124328,0.25602571926695045,7
cliffs,0.48,0.3797807154105199,0.21013267898373256,0.45605401237217663,0.1634489967660613,0.3222374756945004,0.1401855727579324,-0.10298434263529026,0.5135941563743557,0.5732870739390981,0.5028417109351391,0.6990444244310415,0.31421005879209835,0.5183261231041933,0.2224664086401969,7
cliffs,0.49,0.40727017090791773,0.18013806734244553,0.4478783438853196,0.15191601720015713,0.32280444525374946,0.12149701493582513,0.06920270523940443,0.3252320018930242,0.47455863830416106,0.3869751869600247,0.6441467783901207,0.26376598319865796,0.4973516328895918,0.20461426337211955,7
cliffs,0.5,0.41145345548894957,0.2181249806827175,0.46213944028920556,0.2335496149665782,0.33603508773331087,0.16932583336345935,0.008706576215302813,0.5002703948412525,0.4668500667502603,0.29485902027202193,0.6482948434995793,0.23307618157118148,0.4838902752189043,0.1889459398507414,7
cliffs,0.51,0.3944741358123037,0.15804328069044793,0.4557800790347097,0.18878109469405271,0.3195090121714596,0.1441935791352629,-0.0028819707916896936,0.31672165945646985,0.5036176944936142,0.37224354711258417,0.6676518638628904,0.25981107951040094,0.5076144202804811,0.19918254259139118,7
cliffs,0.52,0.4313377296525417,0.15635611502294247,0.4827183636638627,0.16284914505490866,0.33901493243916736,0.131258250255841,0.03521496731384063,0.29213676152954454,0.47940972172059443,0.328052530956136,0.6541099282012359,0.24523779780863691,0.49988503634970327,0.19014950695474467,7
cliffs,0.53,0.38059820855056575,0.21792778519913608,0.430290963828369,0.18478717084953886,0.3097078295926388,0.15020532669070086,-0.07060837347915959,0.4357664269913385,0.541698321838483,0.408158339195418,0.688218816028651,0.28177185857777276,0.5074610688256216,0.20080795168281143,7
cliffs,0.54,0.37825791653703655,0.18114228097633245,0.403662591877226,0.20193544235588598,0.2831836289330237,0.16434578822991838,0.01432737767559354,0.30579259159215977,0.49764895452902724,0.36559532503715525,0.6636653421466926,0.2583217880655784,0.5150476087404501,0.2073939926405013,7
cliffs,0.55,0.40495506236913575,0.20605389844918645,0.4748724738911029,0.15086268566635175,0.34205463891344173,0.13210425915662133,-0.1013305129940563,0.514437715359082,0.5700564221834598,0.4863932956741607,0.6979808716695357,0.31095387513484607,0.5143936347799927,0.2179515188202434,7
cliffs,0.56,0.39711465734705087,0.18696311316674843,0.4454047503149026,0.17322354792501637,0.31365347320580356,0.1407410933217956,-0.054050971439216854,0.5096815282243619,0.5555460991924794,0.5265721272093491,0.6843744072385828,0.31891597361615087,0.5186224456010173,0.23253116664409526,7
cliffs,0.57,0.35537583825894253,0.24346155009607456,0.40575552271591314,0.243852724421772,0.2947495583662928,0.17529706104547807,0.08261207873425747,0.27339536978399465,0.4402252404441412,0.24447367129196773,0.6337466346881104,0.21218431620466607,0.49478518278050293,0.18444502678744837,7
cliffs,0.58,0.404298844239473,0.15726356954436313,0.44041565422697004,0.1635040214912221,0.31055955261366375,0.1338726755448325,0.08737598255370105,0.23298657824219618,0.43927055727996184,0.24582103670936317,0.6335121900361596,0.21036873836546138,0.47713008197081386,0.16168426664483898,7
cliffs,0.59,0.4399300642003338,0.15393993487639082,0.43206938080542445,0.18080620154078847,0.30804146053347947,0.1427770208436693,0.13484033500507883,0.23029719989766656,0.43140713966244154,0.3138824429911538,0.6203354889659888,0.23314414194598718,0.47569788482008774,0.17579428848181597,7
cliffs,0.6,0.4296304416895508,0.15391439032723933,0.47056331427668124,0.17912172652247024,0.33550509605028217,0.12998395581390165,0.04394335278005079,0.3456402982392381,0.4746143979965076,0.3258783190857849,0.6494175000416039,0.24836101426939872,0.49693193436933053,0.19152213906815313,7
cliffs,0.61,0.42381420021561106,0.1336804690777746,0.4772115463523895,0.13332009150778987,0.33981002197490223,0.10762894896069845,-0.06044472779380098,0.3914909313546158,0.5278047782491925,0.3622027328943861,0.6842904180406594,0.2635842098800447,0.5159503142403035,0.2024935736256443,7
cliffs,0.62,0.40254938302442794,0.22375976549284377,0.44747576956895135,0.22361667515556266,0.31795924152819055,0.16498982917162786,-0.048233506331152386,0.503388526483684,0.5181872972682336,0.3666161842821843,0.6751709252931793,0.26966665606167084,0.5085941668481719,0.20821992369652015,7
cliffs,0.63,0.45749746921641676,0.13561758434529048,0.465019763783655,0.17155705018791015,0.3323997724764563,0.13391261076125904,0.1104532648136296,0.28720330169055724,0.41995056975628714,0.22206631704355015,0.6208742364181747,0.20052442334997897,0.4772263303243374,0.17025562123747406,7
cliffs,0.64,0.37372197669626994,0.21174025164211566,0.4475558640141389,0.17965153235286244,0.30893521821243614,0.14736054542437002,0.024097331471245327,0.34538694703292094,0.497342647371605,0.3861190335365892,0.6599705636136811,0.2684742438749373,0.49899127813531735,0.19671041318575053,7
cliffs,0.65,0.3441645036077898,0.24995055716859896,0.37923625277742234,0.2548597306519295,0.2695553434684919,0.19358205574563703,0.0220073813969,0.3076571871405042,0.48153374887125083,0.3126348931800592,0.6572252042274644,0.24052770408552726,0.4999300468937035,0.18758355408551886,7
cliffs,0.66,0.4365881440477556,0.1596474840275837,0.4954655510163433,0.11960099670529915,0.35692661697244094,0.09792473177763764,0.10105748708611383,0.29684460345448227,0.45678845568111226,0.3718052929827956,0.6328594396377084,0.25623612072913815,0.4740792003846836,0.1735654227597183,7
cliffs,0.67,0.3637798736191428,0.1983785507229585,0.4153406828118425,0.19531578592649798,0.29068474117248144,0.15220271563729734,0.05909803948495941,0.24184685929637972,0.46458979260767036,0.3042485069579423,0.6464747469765462,0.23331715142875345,0.4976528868177842,0.18051479658755623,7
cliffs,0.68,0.4385812789540184,0.13323887855052657,0.46098730707019436,0.15299010008964345,0.33234537323437213,0.12055494673384333,0.07784240161897026,0.2486083680126252,0.4398654931103406,0.24029893044005038,0.6349019865875459,0.20710493465982313,0.4878300886695433,0.1700236955905462,7
cliffs,0.69,0.4651515523939191,0.1254628095576343,0.4849032832613768,0.14589989200766204,0.3476691919302029,0.11389927557313054,0.14424305636616142,0.22579828941011296,0.4263761231589535,0.3054896858098562,0.6170878158932169,0.23059750448405733,0.47115953165149776,0.17456919560635073,7
cliffs,0.7,0.42294567810529526,0.1653025131899683,0.46667788616071554,0.2060848979549666,0.338705971103908,0.1655833732948358,0.12121947210046183,0.1465536648624175,0.41345730098060424,0.20280567433185642,0.6196410907360314,0.18552427404720714,0.466498737786985,0.14393093756181,7
cliffs,0.71,0.3649782902136641,0.2431275135931169,0.4128226451361903,0.2295315048305907,0.2979825800472127,0.1661323187232116,0.04644087471407105,0.3627443158435941,0.4580914743192363,0.27340711360408587,0.6435621239253767,0.22636065204862055,0.4917579456337077,0.1825275343372219,7
cliffs,0.72,0.457107651302179,0.14132106230808256,0.4758337458163949,0.1434355481324397,0.34089116796993096,0.11873678143199616,0.13263319135087212,0.2583545691364331,0.43896644624002645,0.32809677312727176,0.6231847802539955,0.24298498969368515,0.4850417044994165,0.19319232174418377,7
cliffs,0.73,0.4659539853936631,0.12687598352740817,0.48873415539097226,0.14951787361382837,0.3470190361312015,0.11735108158774896,0.10254113161675694,0.258472191495605,0.450369047618893,0.3320391529173562,0.63245852189421,0.2424035409243536,0.49405421321616166,0.19475751896194596,7
cliffs,0.74,0.3709234527969108,0.23384694647532847,0.4084273185921727,0.20929759082732444,0.29190498388460695,0.15760212912378269,0.015114958860597423,0.46380694798998356,0.4742189733459435,0.31112819565232847,0.650929618022349,0.2427506402636787,0.49910672662459943,0.19757112757837061,7
cliffs,0.75,0.39861700032965935,0.17114265595093991,0.4440498284029389,0.1965169756326222,0.309571169594982,0.15469147558713192,0.12126566119091649,0.16845082318824833,0.4213297615405732,0.22680299287167108,0.6223810539238407,0.1990816820639864,0.46896935294736536,0.14971270419851448,7
cliffs,0.76,0.4384876179811448,0.14730095610272834,0.4850786196235583,0.133619609478863,0.3470163043660105,0.11079328651099497,0.09944019828039206,0.20317658087255558,0.44115977924829053,0.27628769791120733,0.6320552209653642,0.2204774509600348,0.4786251783828094,0.17287934083294568,7
cliffs,0.77,0.41338211231886063,0.1999133865868856,0.4571482212318244,0.17323325262232864,0.3255473842648703,0.13271174879884995,0.0651074432658135,0.2684698260051635,0.45573437379085124,0.28071031142857017,0.6417528773115274,0.22627907834227928,0.49010537780100444,0.17913159755671337,7
cliffs,0.78,0.37720173721819633,0.18609384459353814,0.46271559793859335,0.16442831844376707,0.3305958971254735,0.12794801253729232,0.031693255566628976,0.28958713512908735,0.48160309249825195,0.32553090676591806,0.6558095073410829,0.24515943045804772,0.4868236747068359,0.16935868027586037,7
cliffs,0.79,0.4481749635057035,0.11866918499644562,0.48076592593990986,0.13471227683044773,0.3465311849964174,0.11034892770246825,0.046078076826226985,0.3207834908802816,0.4559658163402739,0.25883973223867207,0.6444365965037383,0.21781912450037677,0.4794909947295104,0.16133679988458224,7
cliffs,0.8,0.33827160904753734,0.31543793792102554,0.4163403522749173,0.24055031156396484,0.301751970073664,0.16878129505626202,-0.046848968566830705,0.5241530373656582,0.5261059022438984,0.4034668762122777,0.6753254030209787,0.2858585069427292,0.511173968770672,0.2168436776081235,7
cliffs,0.81,0.458031449748639,0.14796128857919053,0.4952867440661198,0.18237480308622792,0.3500821533809807,0.14029620163134057,0.10109825697956383,0.2633546843070475,0.4275706132073306,0.23184944565009233,0.6259287913824757,0.2043225918658317,0.4762911551204883,0.16530233943538233,7
cliffs,0.82,0.4406339551643863,0.13932745871472196,0.4616038360855566,0.1481454101597226,0.32848888615482946,0.11725534649841318,0.12537788278524692,0.16278639352747826,0.41038696668648544,0.19909247419625337,0.6174570304866959,0.18436217766634347,0.4780890177388046,0.1541375435808113,7
cliffs,0.83,0.4626686963064112,0.121979426780529,0.48630565231386275,0.14773939428680694,0.3507647813977573,0.11412297684485853,0.19540148896827783,0.11542860352855971,0.37495725205913166,0.16803840006185333,0.5920604342084526,0.16879566548947653,0.46037360062489274,0.14300856776316087,7
cliffs,0.84,0.46376274124542755,0.13668281779977107,0.5140544168180801,0.1461086798406563,0.3703146564414897,0.1137664490300043,0.10298934755041891,0.249045606100486,0.42556129094018225,0.22743934431257626,0.6250536941759056,0.20169456791588375,0.4736592001177873,0.1606682925106741,7
cliffs,0.85,0.3908513172404219,0.18614432836639871,0.43965741347684484,0.19009674310364472,0.3082914324245794,0.15114410309084228,0.022998631052215588,0.3983662023995023,0.506379656878683,0.4522159311240124,0.6599333023284724,0.28753952003612787,0.49708251166122214,0.19744964138257176,7
cliffs,0.86,0.4220540662450677,0.1711214887862848,0.46376825293038326,0.14383542226025398,0.33215406024722227,0.11660516850686418,0.07630638141968253,0.2584077044148546,0.45955427240478464,0.3165492752605617,0.6408157778836616,0.2388744016357396,0.48348944246772957,0.17836860831604026,7
cliffs,0.87,0.4196787233329412,0.1740865106293552,0.4754821943902228,0.13347294531436227,0.34134749319442065,0.10898801684574519,-0.056105679121988494,0.4905158052411677,0.5289451726302665,0.3916484395582355,0.6797254294436362,0.27941295376363534,0.5012420280256628,0.1928720112974139,7
cliffs,0.88,0.4115484000528959,0.1774959342076966,0.48677636123048423,0.13165065224627462,0.3456155460478141,0.11043539677649498,0.05084333576657507,0.30972331815873555,0.47941485672878936,0.36540671628111476,0.6501291002367676,0.25730302118929815,0.4790983303559856,0.17297012443973248,7
cliffs,0.89,0.41207493294174924,0.20872340267967746,0.46924278207264786,0.1521798962042874,0.33314831719595966,0.12480847867913514,0.03634525105116467,0.3760070428732154,0.4960781561981337,0.4120620967403649,0.655548887904888,0.27818958833667995,0.4953622207884649,0.19648148203296298,7
cliffs,0.9,0.37942539080587917,0.20216723619962282,0.4604413592346949,0.1500849679858466,0.3176398447305257,0.12946727979755193,-0.06476014021087927,0.4607659065015294,0.5475171420735164,0.44758200092513495,0.6872478328774388,0.2962130168058856,0.517774419436746,0.21637507984251317,7
cliffs,0.91,0.43687635187952073,0.14912672536499746,0.4671387304089968,0.19302739096522217,0.33402445009568055,0.1460411323770536,-0.0013323969270537489,0.47799584356184377,0.4694744345714934,0.2886185373958787,0.6517192954181157,0.22845669241618424,0.48859417701514346,0.18890132319033232,7
cliffs,0.92,0.34863693687262554,0.22679289419110196,0.40351898377372536,0.21203553783487328,0.2809367221320393,0.1700745238728153,-0.04844381424620993,0.5071864795252194,0.553868380668716,0.5369797765546221,0.6831301816775118,0.31895944069472737,0.5255310187275896,0.23659144574552418,7
cliffs,0.93,0.36701471840359623,0.22514742676607163,0.4304072144771175,0.2020631619908148,0.2986982767780296,0.15966083039000953,-0.15703138672831993,0.6124844332431157,0.6045744991539924,0.5371353508460089,0.713666743571568,0.33336165244311444,0.5357954335232424,0.24210779837547372,7
cliffs,0.94,0.3893259609835478,0.20920865375897976,0.44580168603110726,0.1812076121886389,0.3154454269456615,0.15084211329314964,-0.0053695149653961395,0.3708627216273715,0.5129664216789128,0.410377713424772,0.6688446104250222,0.276674646920106,0.5111335246880201,0.20817992942621072,7
cliffs,0.95,0.42411383853815504,0.15235658746134045,0.4533582815576396,0.1880999598075618,0.3184492544355479,0.14270023490202777,-0.023739054758760352,0.43778790587107713,0.5346546384955224,0.4699545476380237,0.6765913176439267,0.29948616876539347,0.5181774049725352,0.2290906147378125,7
cliffs,0.96,0.43478077777733004,0.1539477665252021,0.4851083586121955,0.14039903430213319,0.3511321947073129,0.11190729206249113,-0.0023763948743727053,0.442470803599176,0.4879481651729502,0.32378402560746716,0.6593793477665074,0.2490546413887786,0.49214530399791706,0.189077467957902,7
cliffs,0.97,0.4269730179775434,0.14462153144730605,0.4659345653368792,0.15309979744820593,0.3260538524942018,0.12507971389519565,0.04275396270640654,0.276643794390534,0.47976049233820467,0.3344031857974947,0.6536930839295696,0.247359694414825,0.4925481563742216,0.1805914230465113,7
cliffs,0.98,0.40993183445344605,0.19296415886266088,0.43390867683469886,0.2328648613122125,0.3061470904990737,0.175551819509564,0.0806827457393814,0.247756011712745,0.45359002058120346,0.3019558426048444,0.6382238490518761,0.23231529350514143,0.4881040181736402,0.17716681119157432,7
cliffs,0.99,0.4386118773098372,0.12254678552871782,0.4700258915305256,0.1362868924286266,0.32943824830876584,0.11386241394547002,-0.031215638006162925,0.4679454748622384,0.5019641218318845,0.32673916152718524,0.6690817705178626,0.2516796718542466,0.5149698822876718,0.20897494366835945,7
cliffs,1.0,0.3906303611466401,0.1935425301318095,0.4338108892980483,0.1808287686522326,0.30962639130852426,0.14152680570851212,0.11665943756009059,0.19319179375582646,0.43300296816858275,0.27753828004865205,0.6259596087388927,0.21918133845906615,0.47719798939820607,0.1675387253375042,7
conflicts,0.0,0.5515203579343849,0.15560069666151488,0.5537040254518425,0.1629355691156651,0.40089355162080104,0.14327688724440638,0.3108078762787517,0.20569170117653865,0.341770139742738,0.1837376643037797,0.5554325262531664,0.1969999744751863,0.42349397986501003,0.14769468103146174,7
conflicts,0.01,0.5545927777905608,0.15096329881501883,0.5458869812787481,0.15906865774639573,0.396785203594471,0.1405448369266566,0.31642321763774056,0.2017647163766238,0.3407271213475518,0.19138776897297183,0.5538024933539539,0.19925253570844434,0.419278055194307,0.14552253096198214,7
conflicts,0.02,0.5529549729762949,0.15622815740860577,0.54202823675869,0.15755882278789737,0.3911526740365678,0.14045002021488515,0.3138202224127952,0.20292537889209375,0.34047295668561134,0.1866050246884697,0.5542513790099611,0.19703999545700307,0.4247357016488899,0.1492922824386128,7
conflicts,0.03,0.5217127690876253,0.17428525376725829,0.525340571235927,0.16728868031189306,0.38360511778462036,0.14327735824339852,0.28748774863986754,0.2142028763437961,0.35410014478030527,0.19773140417117516,0.5648051062099221,0.20234762063362113,0.43254342041759297,0.15378986250048904,7
conflicts,0.04,0.5323123975951897,0.15975839814923296,0.5334604347286489,0.1527988536563786,0.3836928445636158,0.13537469912511554,0.2940301339942303,0.20613009860722348,0.3532579064042283,0.20768768389643458,0.5631812936974195,0.20518006637857705,0.43072909001995086,0.15035428395455236,7
conflicts,0.05,0.5093948449250824,0.17044231732154022,0.5128398890998795,0.17475004244626258,0.37581256552161896,0.14628166806534904,0.2715306826299713,0.21709781481715945,0.36437709491251496,0.20920129968787674,0.5720460346803546,0.20815979592330117,0.4353085321191132,0.15617557048850156,7
conflicts,0.06,0.5005381310985564,0.17828539498432763,0.49196119505576147,0.19574305197412442,0.3534766455706361,0.16067993261251778,0.264316681579889,0.21487623815123486,0.36681473949563725,0.2089346601467282,0.5745090617971299,0.20707427888736454,0.440657509875061,0.1594321111807565,7
conflicts,0.07,0.4525066369364312,0.23351039844378602,0.453262337453828,0.21644415599371145,0.33112451155613604,0.17095162900410202,0.2318518581856979,0.24846369951790923,0.389994224933263,0.25081709276933967,0.5883847094967726,0.2260470489174144,0.45557423063080416,0.1716187254163253,7
conflicts,0.08,0.5311234699393587,0.15567833317170063,0.5260857166706516,0.1622941726870042,0.3806849548900719,0.13757891624039234,0.28341692016192854,0.1963033230383079,0.3517640209328278,0.18296531392779042,0.5654207546171091,0.1934096422395256,0.42846635987624515,0.14123245140874632,7
conflicts,0.09,0.5303766093650429,0.15321084180782207,0.5396407548200021,0.1533217826190233,0.39140243484702947,0.13360646154642847,0.28998953350512374,0.19224113810290802,0.34757948051718124,0.17878117161241291,0.5624851868498201,0.19075694205014296,0.4319282137880701,0.14590292035534333,7
conflicts,0.1,0.4558099616971541,0.2009861340843352,0.45844126586238526,0.21830389139828257,0.335000992348803,0.16826147663670013,0.2084193499634988,0.24297990087762855,0.3919259302711665,0.2150722282949322,0.594621216376497,0.2115265054875755,0.4629728255466989,0.17016196228142724,7
conflicts,0.11,0.5387942571182865,0.1521679862367101,0.5454587282392506,0.16347416177690777,0.40051092216674533,0.13680536934742493,0.2976085633723832,0.19351872915787077,0.3469646985611147,0.19209577943268746,0.560324145192203,0.19621877931286816,0.43203267229236975,0.15093375514045027,7
conflicts,0.12,0.4716818169781596,0.20203258867032983,0.48435920773004487,0.21284271514853376,0.34913942337759035,0.16604457741837614,0.2101159546845152,0.26123353863555815,0.38797900372937283,0.20964105684072212,0.5921612199155893,0.2086738497840498,0.4576889409319515,0.16734558979777048,7
conflicts,0.13,0.4414465147679724,0.21542223631233448,0.4362187953469966,0.23403283530601826,0.31594023000677013,0.1789557647251057,0.19040110935830393,0.2587267770957077,0.4018399814568597,0.2266546805968692,0.6012446822042768,0.21695379502156853,0.46531064483949514,0.1685208341485379,7
conflicts,0.14,0.4814163395466126,0.18393826617538625,0.5014116875325833,0.18718761388413002,0.3585908713007145,0.15137822752299987,0.22604726087512178,0.22197663416936123,0.3801475999157123,0.20113478024006617,0.5872878345113055,0.20276595516963902,0.4478811863906134,0.15452370533734075,7
conflicts,0.15,0.48051837166755274,0.1715246067739106,0.47436827485984884,0.17844698473449555,0.3459195066144431,0.1399720793488266,0.23419609058464383,0.21276082256191978,0.3808120619633649,0.2185565796209321,0.5859132791699233,0.2092143393707305,0.4517579263656435,0.16081474198907983,7
conflicts,0.16,0.45339132370877777,0.19708853354835057,0.4537196863170391,0.199294718436717,0.326490715072782,0.1559419498465891,0.21232541963556364,0.22902244954700682,0.39458557158565916,0.2396338723614046,0.5947849402931301,0.21821821062990215,0.46367370872150565,0.17274968683839295,7
conflicts,0.17,0.44863042187186236,0.279099839681871,0.4784796975578897,0.2130999161259226,0.3445126320689424,0.16889927752013215,0.17649806533490559,0.35668418996358325,0.4344733247317864,0.37071703730322836,0.6096654601085854,0.2706379686274062,0.4685833288529504,0.19110699797131933,7
conflicts,0.18,0.4977889824865017,0.1552097617594482,0.48492470246947417,0.18088328579068955,0.34603368367274123,0.14458873005073497,0.22679447938697042,0.2209433748604983,0.38547152464480583,0.22572771585007895,0.5888518245424563,0.21255406121925124,0.45808843674781013,0.1625013699565724,7
conflicts,0.19,0.5018036838251128,0.15362394012752312,0.49945937465581114,0.15727674383660775,0.3620265257003383,0.1286796789596433,0.2582475183133799,0.1861436336324208,0.363336222161752,0.1959065204010967,0.5750283231854959,0.19525647572428143,0.43605437349024345,0.13978015925880963,7
conflicts,0.2,0.4804619571181891,0.16791783959135506,0.5077692325290111,0.1424566047378282,0.35981099935889127,0.11755249703428848,0.23275297534336595,0.20032145698783216,0.38091513914894326,0.22632846991278763,0.5862125372349097,0.2085225816559881,0.4524915409716033,0.16092615446815625,7
conflicts,0.21,0.5135063296137105,0.14981752426637643,0.5232526168155753,0.1315531260637325,0.36890904751493736,0.11133544664663439,0.2735690797139108,0.1786020455149452,0.35772436777505195,0.20632684874897228,0.5694865769311755,0.19742755856762964,0.4387766776026045,0.14494930722193908,7
conflicts,0.22,0.45163589008229266,0.2265727253514177,0.4539435527807302,0.24113657703973057,0.329316143265383,0.17645573679556809,0.15490972976767825,0.3220145822158049,0.4126224578790071,0.23248172849730994,0.6098542934637508,0.21790723957678834,0.47455775656267896,0.17413660777526657,7
conflicts,0.23,0.4952421416921712,0.1571591873217731,0.5067635761483595,0.14571943741881613,0.3587519810769355,0.1219592880673819,0.25158356926173886,0.1884161762847844,0.3702430534092786,0.21615686989148117,0.5786809790024707,0.20314184110703867,0.44516056668483023,0.148950788294576,7
conflicts,0.24,0.4334016436858266,0.20007182614775595,0.44687023352596905,0.1982218034762563,0.3197628362575549,0.15175368023194105,0.1784755581320027,0.2432942664357346,0.4144466306411897,0.27423784734360757,0.607733977278933,0.2293985994266433,0.4684303531208405,0.1679274582943744,7
conflicts,0.25,0.43960401585080716,0.20216281270412756,0.4321628108467323,0.2256892011964078,0.31076010188520503,0.1647751264944151,0.2064196587308931,0.21678115015640767,0.38404850543841906,0.19343065474395651,0.5925992735508517,0.19584102608065945,0.47051999719592114,0.1650326500746895,7
conflicts,0.26,0.45309611846136677,0.15881389347968083,0.48597290851175495,0.14116832593193357,0.3411032848763106,0.11511203288355842,0.19495454460920555,0.19717279763494186,0.3952289239589053,0.2171010959738249,0.5994086541277753,0.2047630033353357,0.458852352783422,0.1532591459816499,7
conflicts,0.27,0.4187929430470795,0.20076324443648594,0.4603749523234762,0.1566538604379521,0.32640066151785607,0.1248561252140251,0.1481981825038967,0.2552451488819147,0.4311978080465305,0.29045233820298033,0.6191874326413852,0.2361613569640128,0.477013271175177,0.16946420696356787,7
conflicts,0.28,0.4458815375449477,0.17683117301889079,0.42744714190457317,0.21729018004791928,0.29733079425661363,0.16908395932417047,0.16336225925288236,0.22482679412150883,0.414556830319789,0.24599409409797587,0.6115708659510624,0.2174723521422116,0.4813344911512544,0.17386566823692828,7
conflicts,0.29,0.4788365254322245,0.14568197983451564,0.49313335961663857,0.15190846039348746,0.34827302663778037,0.11663453466481576,0.22920906381227749,0.1711124954557734,0.3679364590351629,0.17091915896425322,0.5829955145031089,0.18090919625184296,0.4466362994330829,0.13938546609281108,7
conflicts,0.3,0.4397671481125662,0.19007923803559984,0.4359239119297122,0.2255168983386981,0.313995252509633,0.16465050219502111,0.17962432441003198,0.22760772858331355,0.40200208428327544,0.224443531330989,0.6038962310347434,0.20863843724537376,0.4659699236296709,0.15720582895529744,7
conflicts,0.31,0.46704953143864303,0.14001513604658714,0.47660296981465217,0.13348896868197452,0.33941964471868574,0.10296802266470495,0.20379302524288273,0.17544008518374082,0.3806237430197636,0.18253265489738318,0.5925639984423076,0.18549103994029847,0.46374445531896574,0.14630175084809793,7
conflicts,0.32,0.4787790083212983,0.14335309651457345,0.4859639327246689,0.1592406088154957,0.33768599576750236,0.1225955619031211,0.22277273493147157,0.16336275171299827,0.3719781291312354,0.17552859168777385,0.5859793463993234,0.18268567863619428,0.46246596434333476,0.1476068546281148,7
conflicts,0.33,0.43003004787148047,0.1839015075399362,0.42435129214395617,0.20287980728695643,0.29826221465014136,0.15500626171663878,0.14892565087243484,0.2392896489479093,0.4128624358968744,0.21686182969669157,0.613599852479109,0.20595452513497217,0.48080073942051577,0.16624877122568452,7
conflicts,0.34,0.4520582319610808,0.1450384947771241,0.465892787866272,0.14930798813596305,0.32957127609303233,0.12266324760141199,0.18737361328320543,0.17516149076671758,0.39704691856694607,0.2173095472376599,0.6017990345121935,0.20173988383971278,0.46372716551295434,0.1483072362420918,7
conflicts,0.35,0.3958719283668236,0.23346256008799793,0.3899853743141085,0.27182600736364726,0.27496785549486036,0.2045062581718853,0.14712085913120818,0.2521781531659325,0.41221892215634476,0.21600947428756037,0.6132573582934986,0.2053210261138113,0.47674336412432095,0.16625147792255762,7
conflicts,0.36,0.40160013417223966,0.19966698504529037,0.38857429003100213,0.2397120177879608,0.26692652056629496,0.18336895800203074,0.12361915769520858,0.26504303761067916,0.4242774931602927,0.22101973744766926,0.6218990374974586,0.20921821233670174,0.4894969466728902,0.17365321139209586,7
conflicts,0.37,0.46115460313494644,0.14174540134066588,0.4759511846372474,0.13662601541513802,0.33471882217542087,0.1083005761580029,0.20215082370691304,0.1679697745690018,0.39013946662526233,0.21601356984287287,0.596489931634106,0.20015602105641367,0.4664912902549281,0.15012080725761315,7
conflicts,0.38,0.4678101736840739,0.13909294558128873,0.4726393137542083,0.14775160595226933,0.3303307192685257,0.11915301982507955,0.1757583483339011,0.20092775514830083,0.4101036231530651,0.2541844423849356,0.6079108796802714,0.21749938644969613,0.4860100804390736,0.17778365399506216,7
conflicts,0.39,0.3709957748204303,0.26308100041646354,0.37901982033072973,0.23062766388227515,0.26491316343196564,0.17598166255945902,0.042911579043212314,0.3837478316966226,0.4940471494373995,0.37864123137735656,0.6551494968752956,0.275010303828216,0.5138482942738024,0.2204717387302905,7
conflicts,0.4,0.33352779526999116,0.270224094435446,0.3458855500898181,0.23569072098718633,0.24154443986452573,0.1774777454062881,0.061876061156360844,0.3093944269968212,0.4799023459543266,0.3455183340190106,0.6501477854213507,0.2583509955668453,0.5204807855313431,0.21572469844308428,7
conflicts,0.41,0.40083936370531015,0.1857085511821706,0.4160616911071749,0.18069990357304552,0.2893731345672101,0.14358456060731054,0.12021721375755731,0.2298831511073485,0.4339905434797586,0.2540565104682944,0.6265364391111208,0.21988574215563542,0.48119509031792135,0.15806930339064407,7
conflicts,0.42,0.4205349203227598,0.17124970567571965,0.4135598253458543,0.17886275372636384,0.2886328687994772,0.13325380022175443,0.1529323099566329,0.1943249624375883,0.40396727308291014,0.1919238767781687,0.6106433938129291,0.19042646469121507,0.4830209087120547,0.15558890418071156,7
conflicts,0.43,0.4604209657630772,0.15601210509913158,0.4628511669784488,0.17078023785826688,0.32232517288325935,0.13031780733690723,0.1714696117185505,0.1837571572096879,0.3996323140577554,0.2036490159465304,0.6057133395411857,0.19545061205555156,0.49151065434408814,0.1654717131250648,7
conflicts,0.44,0.44969719518823953,0.15649117379799965,0.4348979657679558,0.15913354211056943,0.3050431616614769,0.12218091558390612,0.17827915596595187,0.1808299928478242,0.401574090077573,0.23578713888505579,0.6043879872621163,0.20576068482412077,0.4776349774670692,0.16376677137101983,7
conflicts,0.45,0.42903600866194,0.15057803392238353,0.4389943659011012,0.15824581999741413,0.308956121045881,0.11907402013282858,0.17278523381079489,0.16150014114022396,0.39618215764696824,0.19415600609411424,0.6045672845047105,0.18919297603019894,0.474644479123462,0.14686548102460695,7
conflicts,0.46,0.42259479591662946,0.15047567252025243,0.4138264532402149,0.15609984217396747,0.29307890798639946,0.11723261315231054,0.15788076935893652,0.17683558144904446,0.41219040004018154,0.2319450684258662,0.6128572880166657,0.20662946383775724,0.4940631174183574,0.1790914469755011,7
conflicts,0.47,0.42205544017003654,0.1706345315610016,0.38796152089902797,0.18995869641292315,0.2698044458650657,0.14575913508430746,0.12151737235936265,0.20726405755873162,0.4303072897827776,0.24549149927156724,0.6253951733140763,0.21382125278202094,0.4843348168875758,0.16115746960270858,7
conflicts,0.48,0.41468632935910954,0.1635372533932154,0.41218581287041106,0.1700302501747544,0.286481417608127,0.13055389323626995,0.13603837539814176,0.19307968090806188,0.42394586140192814,0.2418017110420738,0.6207874826480378,0.21212470370283043,0.49263680270038973,0.16850572994266266,7
conflicts,0.49,0.3568426361333868,0.22497783231542826,0.3750717133483727,0.22053337647584764,0.2567960586634425,0.16438807684251716,0.07039690850462518,0.28967665450306834,0.45332628896275506,0.2595294331143658,0.6408226522036535,0.22312489839325889,0.504160241174983,0.1787342613496738,7
conflicts,0.5,0.47280246426605377,0.1425112160910414,0.4789002355832898,0.17708908817647984,0.3372805095995806,0.12779072964226545,0.1955061803138318,0.17440278126214429,0.3753977765764446,0.16378810599565183,0.5915504142567223,0.17236646415124438,0.4668815941432377,0.13793071085517966,7
conflicts,0.51,0.3895889211792511,0.21289137831899693,0.38913384645547716,0.273612436123795,0.2684633165602592,0.20186720440459177,0.07477260996258187,0.32966214750311035,0.43710802139160815,0.22832783368505535,0.6327864223184696,0.20689190247042746,0.493426152761407,0.16696769204204706,7
conflicts,0.52,0.4218395011041853,0.1621140952818493,0.42572613470153453,0.151819009923632,0.29855577476888034,0.11463951134468793,0.13304747946334172,0.18941406063837923,0.42479602917221826,0.24962756248295295,0.6213703615968577,0.21247130014367452,0.49329196318325497,0.16593052285653037,7
conflicts,0.53,0.4257648788603085,0.14537219604683443,0.40184664192267106,0.19487416171204439,0.28490348840987234,0.1324276285476205,0.11902568681962934,0.22354027600389412,0.42156981575711944,0.21545562139089644,0.6223340601053055,0.19995455055660286,0.49331929954521264,0.1632344348129754,7
conflicts,0.54,0.4649590777115336,0.13312315042679831,0.45341948262853043,0.12966905221024114,0.3149083373041925,0.09960535026371391,0.16477169560766508,0.16423284167624783,0.3907447765181581,0.1719258846971469,0.6035462560428003,0.17575402003185045,0.4739898580199596,0.14174827439711454,7
conflicts,0.55,0.4360382810585384,0.17068142142607953,0.4287172426779136,0.19819187810891245,0.2981380023451586,0.15041391755342096,0.14936941494277697,0.20252898644694006,0.4199113685650161,0.26567489765760094,0.6156905585956397,0.21827182302060763,0.4751504051317731,0.15701796495187845,7
conflicts,0.56,0.4169507646636528,0.14363169719457067,0.43406491123767,0.1494087611063308,0.3060292456030363,0.11279725708663711,0.1366369880220927,0.17391841455939014,0.41184091958600366,0.19948854058006257,0.6168182212887467,0.191325817348893,0.48631909807698825,0.15141694742618855,7
conflicts,0.57,0.39992857320080216,0.16732747350155963,0.3932581870316932,0.20672154719222682,0.2710050445224346,0.143718491642915,0.02841983480359072,0.2990780066524399,0.4780895704953695,0.2910013548026021,0.6562409628827325,0.23525219939134623,0.5120580910528643,0.17194222711584384,7
conflicts,0.58,0.44544526229236797,0.16716214057229686,0.4297425952502398,0.16227696921151213,0.3015715149904943,0.13436011870054082,0.0914443912979035,0.18373291483789525,0.44275231757088207,0.24395734019885357,0.6359128496784895,0.21156959307859527,0.5003609680298085,0.1608347458800711,7
conflicts,0.59,0.46247199093853597,0.13889195217271844,0.4762214003611066,0.14785666134303413,0.3375684605938734,0.11341769576944591,0.19186225519307737,0.14486020892627374,0.3769224309463665,0.16281030456902557,0.5934312926894986,0.16996672351897796,0.4656281880855283,0.13293381696753412,7
conflicts,0.6,0.38861685373389626,0.1764121173555268,0.3743678905568926,0.18730782342116314,0.26391582571416955,0.13473648747536604,0.07044167340504649,0.2513827015675726,0.4559250112681994,0.2740077528065514,0.6421182589036524,0.22556006958797403,0.5099266432041124,0.18323247722330363,7
conflicts,0.61,0.3697169145338005,0.19783572030320376,0.3705093000304135,0.1772983539866291,0.25564220059013343,0.13176827331412305,0.07760602682649217,0.2258673260949026,0.45868805335985857,0.30139733479300573,0.6419962557930595,0.23298856422324588,0.5067574696891357,0.17482442463916245,7
conflicts,0.62,0.3881379408149674,0.15830209193065434,0.40317463655667424,0.14557314916989636,0.2838260584602271,0.10515342789895074,0.07401886197780752,0.2065162870160183,0.45412594522110294,0.2737448135767676,0.6419156384971031,0.22154450565582962,0.5012816806741378,0.16222781081004858,7
conflicts,0.63,0.4022445468635108,0.136696307927553,0.40385782092697625,0.14459714574338078,0.2763610193955312,0.10985811009634772,0.07943109740113781,0.18839469871840478,0.4398890632610578,0.22579417151795872,0.6366070315961118,0.20097423304332449,0.5061513524381772,0.16648460749138164,7
conflicts,0.64,0.3843775160377311,0.1594424480962066,0.36886253186113355,0.17032468137148762,0.2642194108510871,0.11863999468770836,0.09390598583705172,0.17762773136851318,0.434161516909683,0.22179038962483077,0.6323783265729077,0.19992256123047705,0.5033548951689693,0.16285733155353282,7
conflicts,0.65,0.3930492312444079,0.15947229211893876,0.4031389416695462,0.1545248124484269,0.27538003601852135,0.11973034492916365,0.07578196035493359,0.19809005432443227,0.4507109189746495,0.25986970826701594,0.6407721207818667,0.21635389890312717,0.5039723855962089,0.1651021139456219,7
conflicts,0.66,0.4090215183920911,0.14329203092151552,0.398774777206558,0.16616557884740554,0.2806570005889774,0.11500686479292009,0.09106975264554017,0.18502301811344382,0.44413511567481795,0.25899137860081534,0.6359712241977337,0.21514724557489237,0.49784827370016405,0.1671612654009828,7
conflicts,0.67,0.38878423319228744,0.15313944211831781,0.37227916959528473,0.16417614030890673,0.25745849197987764,0.1230444329196438,0.011265296610881603,0.2912042649363884,0.4847257120034409,0.2937955122481498,0.6615920550907751,0.2342191468509209,0.5358953827564642,0.2018203607875742,7
conflicts,0.68,0.39942662477793023,0.15501247768375295,0.4051353085642768,0.14654446574230243,0.2826118538628622,0.10821326035831938,0.10399944091075701,0.1675499338783707,0.4292037147350712,0.22772826251512285,0.6285063646510574,0.19970154827361872,0.49671828619088504,0.15886469997224126,7
conflicts,0.69,0.4156459572384409,0.13798333703196,0.42556135409752777,0.12919492405668054,0.294540152932373,0.09801347199307285,0.10756604106638842,0.17012773047086793,0.4218016489625603,0.19716790942707413,0.6255881989102484,0.18845308011436274,0.5005921820350274,0.15412606150763813,7
conflicts,0.7,0.3874779921585459,0.20787133672875124,0.3597453410824602,0.26505739429666786,0.24781408264878824,0.18986704703832394,0.07617465221178639,0.24822171928279624,0.4408223329091066,0.22522021301466713,0.6364259891063114,0.20432411062415795,0.5092897416267308,0.16557793673101573,7
conflicts,0.71,0.40830511337626796,0.15363482311296375,0.39373312950719325,0.16501149495622308,0.27258951691772604,0.12066491564681123,0.08644375703704296,0.20736512994867778,0.43583361280328986,0.22387319795575814,0.6334829685603571,0.20071978370800603,0.4994086745756161,0.16053591647085225,7
conflicts,0.72,0.377282315915597,0.16240717436730637,0.35447671563386196,0.17346418362878901,0.24262861444200695,0.13139762104389416,0.03529576493563586,0.23738200794984635,0.47760356740448956,0.31695328667646633,0.6554594742316306,0.23658512045047214,0.5164018699008377,0.17290265597892246,7
conflicts,0.73,0.38108652334346954,0.1865778441220057,0.379447707267225,0.21105541076417092,0.26412426474964423,0.15310288818394654,0.04171667784025362,0.28061799133910464,0.4537913395368311,0.23201162414438034,0.6460663649345486,0.2060449552321162,0.5181521632131016,0.17188739249510335,7
conflicts,0.74,0.3485568951675044,0.23290275143340022,0.3658297158386294,0.18455549703598467,0.25659992303527845,0.12993930488898586,-0.011042121078834368,0.362902663927084,0.519259912991363,0.43101698162855,0.6726449455169717,0.2791835811292248,0.5476847362927229,0.22800053978514223,7
conflicts,0.75,0.4226774467664921,0.14219696383714195,0.40415306740656126,0.15522931494510736,0.2782862574383285,0.11352833001998566,0.12302968254972675,0.130951638472601,0.41642262706266686,0.21227022436666243,0.6208628072430279,0.19002807315184406,0.5025881045709168,0.16555051296066664,7
conflicts,0.76,0.3725223013156947,0.1683239823166157,0.3678173873655432,0.16137837497991914,0.2583356594943475,0.11674818128156614,-0.01776732659973238,0.2978609074796866,0.5073150265517863,0.347053814916176,0.6730269508505032,0.2518095344582965,0.529173874641584,0.19875154492844818,7
conflicts,0.77,0.40934385077816904,0.15638135913326856,0.39112716870767184,0.1836451055780357,0.2685219403485929,0.13780530486932469,0.08326697595672532,0.21741801157061427,0.4273621733876704,0.19365746379878174,0.6306134519423805,0.1861101525615485,0.5111039314426337,0.16220710568752142,7
conflicts,0.78,0.4160364591479625,0.14081099900316477,0.4138226779746509,0.1436528013308349,0.2897454258324213,0.10407254225397988,0.06689472957287367,0.20119505329523732,0.4549423114048438,0.27184894468152654,0.6432972431662582,0.2190041013226124,0.5069344453353676,0.16171382123181777,7
conflicts,0.79,0.28897672649829415,0.2686313636566479,0.3091656174119874,0.25758454530859687,0.2164497785916261,0.17861312383625355,-0.07795988393205197,0.35135231975878994,0.5318504404741621,0.3337453499158633,0.6909034790800808,0.25216388899695696,0.5412153139258943,0.18963617347796813,7
conflicts,0.8,0.36909419951188577,0.1760231947785008,0.3805377323986049,0.15515566491058227,0.26133021656564037,0.11940005804118892,0.03528141717210487,0.21319326383196976,0.46848434213874235,0.2659531171909755,0.6537866893910129,0.21883446879516438,0.5187185736474254,0.17114950201379328,7
conflicts,0.81,0.35812418163517357,0.15647088177536586,0.35830830128877433,0.14047466215391557,0.24447083643477624,0.10564928492984745,0.009739684056974864,0.19042595628716705,0.47958573599230714,0.2748871862194005,0.6622098300891545,0.21887863398057006,0.525566751883046,0.16531964004516167,7
conflicts,0.82,0.39407933035421533,0.20485144061805816,0.39997581077408567,0.19544534835737354,0.2778366726855411,0.14409267946230273,0.03693482834409177,0.2787255653581534,0.48421280667257055,0.3641905446993236,0.6553160352800121,0.2527897360924668,0.5097412804356457,0.18836154005793213,7
conflicts,0.83,0.34773669509909017,0.21711380384995882,0.34271184722414727,0.19591239679029973,0.23752451847216624,0.14262668564994632,0.011366261361457733,0.2805101413031241,0.49169347112672446,0.3353493027170213,0.6629932432376043,0.2466218474493732,0.5363694244483692,0.2052497753277259,7
conflicts,0.84,0.4104392451081174,0.13648633212244832,0.41144068619784935,0.12203614951181646,0.28760894012834015,0.08870695727139283,0.0486384091619067,0.18414131584354987,0.4566530863853508,0.2522864268968993,0.6474412419120481,0.20908948347424108,0.5095249569730614,0.15768988072146417,7
conflicts,0.85,0.370739014271776,0.1643608936312219,0.3596652801546791,0.17590275551513337,0.25178210868344425,0.12256592201174628,-0.04393509409904776,0.3102135862205914,0.5027471874880483,0.28800033352201443,0.6765132615602393,0.22932471917502656,0.54278611206501,0.18771195302951227,7
conflicts,0.86,0.3929804598046879,0.24737767897864132,0.3983096429856947,0.25065246253549983,0.2782231238486639,0.17559276174956234,0.08900043033466463,0.26653196324659845,0.45630726196631144,0.3423900072109043,0.6362105301841857,0.24522233542355013,0.5046716808043064,0.18823000087386524,7
conflicts,0.87,0.36768490853166896,0.1439524873024017,0.35742220724005563,0.14378639219541714,0.24349231202460273,0.10822468601646329,0.002469785646195536,0.1998105938919094,0.4905559314243299,0.30516426499064914,0.6667981388600175,0.23149989706982135,0.5468857116955198,0.21108993412933505,7
conflicts,0.88,0.3548744349725203,0.18056537915149343,0.3471579220716823,0.18380006759577683,0.2394863423055588,0.13148802498302228,-0.005118404782783121,0.21094194260376012,0.48217005435856075,0.2579371207516874,0.6654965617392332,0.2140835758540485,0.5293999967882387,0.16659877411370236,7
conflicts,0.89,0.4074713317103625,0.14996813073885937,0.39511822153271925,0.17758459634851867,0.274934908650129,0.13044265987608286,0.08553124615504845,0.1477129244592635,0.4270405537225959,0.19429064851723943,0.631310458593591,0.18230634024018416,0.5042049023879294,0.14144112767636283,7
conflicts,0.9,0.3814906699635866,0.18568617745309737,0.3591450206119799,0.2196068655496526,0.24799740220161834,0.15398274043401258,-0.000797280720979922,0.2696904641811842,0.4855911824151315,0.29656690560639953,0.6635417005239558,0.2299003982040771,0.5306946540269994,0.1844766035790737,7
conflicts,0.91,0.34434805242395006,0.23990450401440108,0.34666248521922716,0.22995595242115754,0.2369584193140323,0.16524838413717832,-0.017379860721007518,0.2888041630658455,0.47070104364606336,0.21839304390563094,0.6615525263736893,0.19636067557030787,0.5304824173393534,0.15849651613184654,7
conflicts,0.92,0.3417128558668997,0.1867697335720821,0.32940673394691433,0.1792644452361886,0.22486007986188608,0.13173677702445,-0.051293231370474195,0.28768357689241336,0.5249337021214603,0.37196609555803517,0.68439518972127,0.2568262982558866,0.5568052172224838,0.2223899754866406,7
conflicts,0.93,0.37733466722534664,0.16391603960665563,0.3736315272947337,0.1731359743993754,0.26164279536746826,0.1199156837577745,0.002070184570524975,0.2643371442783253,0.4770186587200393,0.2585105682303797,0.6611556779325368,0.21573239511149325,0.5300395009091818,0.17453092350522537,7
conflicts,0.94,0.3446427769730405,0.19807188021321576,0.3330824092548526,0.1745958865391337,0.2294895351863587,0.12799798736527107,-0.04818182093249616,0.28735750878269434,0.5160614747791508,0.3265051156629917,0.6818316008273656,0.24432560250834653,0.5326006892498847,0.18530047313280573,7
conflicts,0.95,0.35922209902971475,0.17502594589674844,0.35457734608054664,0.19550710869238386,0.2453012352731744,0.14250791945083666,-0.0056880561697483555,0.23722055399960093,0.47471461639522816,0.2369445166421362,0.6624074947534905,0.20474231407121984,0.5258968013089966,0.16722994470334349,7
conflicts,0.96,0.43917616265969645,0.14036144347445625,0.42999984344632913,0.17591426367221505,0.2979250599882547,0.12634190856891309,0.06736325867109767,0.14315082162904946,0.43105751458650987,0.18891921158688071,0.6356809596157369,0.1773746624049785,0.5078886293039785,0.13833730247146472,7
conflicts,0.97,0.434429470017939,0.14966538730910664,0.4175774079141173,0.14041987901582204,0.29229479130196373,0.10472872164420303,0.07065082692078195,0.14550104813308634,0.4439895340355383,0.24685827719571535,0.6393281358494952,0.2027903191423901,0.5112706137414924,0.16419753764726366,7
conflicts,0.98,0.3620437481546482,0.17677546637787706,0.3623775848480037,0.1817463319781463,0.25072183722405056,0.129895118818979,-0.060360141947528825,0.3057069816927142,0.5135433501395928,0.3020317711038832,0.682907295783305,0.23461558222572115,0.5472698594971684,0.19138598080655547,7
conflicts,0.99,0.38894592391077243,0.13184448775193364,0.3701262674734542,0.14587087894848505,0.26185033857527107,0.10099052518663233,0.03229976555388609,0.1644401143698777,0.4555146961710679,0.2220412248424426,0.6503351298179394,0.19495828856034086,0.5095112217413634,0.14425506072491173,7
conflicts,1.0,0.41319202702885155,0.13302579588783345,0.4042005738772887,0.14876425145770922,0.28061845216048936,0.10570446854769856,-0.006079569715384957,0.2559680508863053,0.47254907740047,0.23830256562138288,0.6609718034544955,0.20398425881673388,0.5425371226414191,0.17450097506943038,7
contamination,0.0,0.5515203579343849,0.15560069666151488,0.5537040254518425,0.1629355691156651,0.40089355162080104,0.14327688724440638,0.3108078762787517,0.20569170117653865,0.341770139742738,0.1837376643037797,0.5554325262531664,0.1969999744751863,0.42349397986501003,0.14769468103146174,7
contamination,0.01,0.5595845212826223,0.15575202517816408,0.5543504157095871,0.17052089756594865,0.4028811415404862,0.14873480817122017,0.3115935853293791,0.2080006176569809,0.3420801742579343,0.18580763917251572,0.5552908152590846,0.19837926354496163,0.41999371009192743,0.1464311214799699,7
contamination,0.02,0.5497759118349752,0.15849267782733303,0.5515704801407323,0.1658967561451588,0.40358192421811284,0.14713506712228253,0.31111693058661666,0.2101750933158468,0.3436212079373459,0.19151472250486226,0.555863861858483,0.20102073902951512,0.4215577763240127,0.14925201894819964,7
contamination,0.03,0.5490395505576211,0.15859925055959645,0.5468877658660444,0.17136550516498006,0.3950029292634539,0.1519397054196394,0.31057152320758713,0.21239061130501005,0.34467113724919296,0.19329594002704076,0.5563356630579831,0.20253903772408552,0.4198966809141878,0.1496696387740529,7
contamination,0.04,0.5611091174250973,0.15851594725568718,0.5599914216241193,0.1568505120378886,0.41299208351607203,0.13872865382985458,0.32514100635616255,0.21203929978971353,0.3391718118525442,0.19767563260734264,0.5508621263768073,0.20414827415107142,0.4141580787368189,0.14707191130013428,7
contamination,0.05,0.5728547116109566,0.15250756147245606,0.558613846607068,0.17530473733793805,0.40629168229981966,0.15444918943060482,0.33519369899544743,0.20394985988145184,0.3295926447659876,0.17706661775760452,0.5452672106825365,0.19405076485433664,0.41218877207644755,0.14529228569043376,7
contamination,0.06,0.5817973069125476,0.14938998776374077,0.5790872980129712,0.14734006550982406,0.4271785038801726,0.13380383550367764,0.34502581152919165,0.2011566779741283,0.3287322375339802,0.19341220605848172,0.542591383021084,0.20011988083676774,0.40709628477781074,0.14459666045044217,7
contamination,0.07,0.5994326498791498,0.1325961139922396,0.5701522617958622,0.1543869101642581,0.42042519617413865,0.13953483081799556,0.36321463211213956,0.18848046379381703,0.3179545647585157,0.17922196053990966,0.5347468113292135,0.19321960206040156,0.4037225806449232,0.144306218039527,7
contamination,0.08,0.5908290641425422,0.14736708832848094,0.5870060848238933,0.1460317014756907,0.4345898474942587,0.13344454440209969,0.34690657637387723,0.20849391221462052,0.32925164511174565,0.19896419854692882,0.5420270727734154,0.20339128236275578,0.4038717539006281,0.1447061378113688,7
contamination,0.09,0.5964612515985542,0.14332437670469025,0.5753295582254314,0.15439901089852318,0.4214005157395831,0.1408173407081914,0.36086816100279656,0.20049818998411406,0.32183270052033225,0.19310983387238648,0.5361914123643182,0.2001334091673308,0.3995284964770461,0.14344631598294824,7
contamination,0.1,0.580914440904511,0.1491701997847357,0.5774260629170376,0.15494187397164483,0.42718552193637144,0.1396610686502259,0.34187449917394097,0.20860490644918928,0.3326218506124442,0.20027927372148208,0.5445862209821752,0.20507473828728198,0.403501862264409,0.1458635107733954,7
contamination,0.11,0.6148230914568587,0.12986788272354102,0.5995555829227831,0.14105330007974828,0.4395034038943266,0.13205605860250327,0.37047333244468594,0.19304785607024075,0.3168307296125255,0.1863378353252585,0.5323988778472227,0.19734705105338524,0.39189332636753477,0.13945420254712895,7
contamination,0.12,0.6071688080560392,0.1355531605665642,0.5833635289421196,0.1538719810019247,0.426197895064314,0.1452655288789721,0.37182523343534407,0.1926695352053729,0.3136673560086029,0.17516515770419688,0.5309089491203774,0.1926228206744534,0.39298005079759124,0.13977884648644504,7
contamination,0.13,0.609949006766424,0.13436417129595218,0.5892581168895499,0.14937461174106895,0.4375352818792265,0.13569259178090096,0.3701940296805404,0.19703265683293972,0.3183342745295431,0.19228618735423794,0.5328402049359569,0.20037844766568338,0.39336333369967225,0.14196142409649248,7
contamination,0.14,0.6218181611257038,0.12764517638837833,0.5958513245828152,0.1491202391998837,0.44139212551174,0.13617913068737456,0.3906032486448323,0.18071940005685125,0.30067440909327303,0.15452255407065404,0.5218142240592482,0.1819753978971814,0.3885375337397653,0.13614168695863726,7
contamination,0.15,0.6397372624857247,0.12273830520786225,0.5947933780675212,0.14318375636457495,0.44344576249018886,0.1320652573457685,0.4080038622931544,0.17853062831913283,0.29155598722660425,0.14880047161967072,0.513953579713203,0.17881738165239963,0.3850700451526793,0.13740911180911913,7
contamination,0.16,0.646913661372647,0.12965403933337616,0.6200326512435618,0.13950192728162558,0.46707054398760117,0.12876962837064954,0.41960103130376386,0.1829720033181474,0.2923645046097569,0.17898947162119197,0.5108482884076678,0.19139388525803355,0.3774400203905638,0.13534850820408934,7
contamination,0.17,0.6545519852516558,0.1480501611509296,0.6463098485636555,0.1452757670735133,0.4831762107324099,0.13512804175363433,0.42547569133859053,0.20316112081631255,0.2899128049833116,0.1871303537276849,0.5068875149348299,0.1961483134881738,0.37629586309930246,0.13764090924184916,7
contamination,0.18,0.6410116359377352,0.12904560550542238,0.6233553954487153,0.1302031234534163,0.464071613185152,0.1267884103302358,0.4083737172460792,0.18624348107473757,0.29728687487223,0.17663158352761582,0.5156221610946619,0.19146132465074353,0.37860910694359867,0.13567738987285577,7
contamination,0.19,0.6450360014661107,0.1193910773087602,0.6256668529609152,0.13562473161079336,0.4680481562281717,0.12809091772580808,0.41302090258528423,0.17791461043442744,0.2949584293612353,0.17274587334472385,0.5139737109355794,0.18952843972977315,0.37650183351857464,0.13353271485592724,7
contamination,0.2,0.6077548889703762,0.1654181766226699,0.6181968362907666,0.18490888578786183,0.4671872102508913,0.15536203700716963,0.3643074020625976,0.21833522660103935,0.31705963062178116,0.17726921812683724,0.5329497698867877,0.19628602166048784,0.38702777522537507,0.14259515935318792,7
contamination,0.21,0.6592361306248465,0.12920516797024964,0.6253707341292147,0.1603949694833363,0.4742470992310593,0.14566750243184445,0.4123444654843957,0.1891215336330709,0.29502565528915037,0.17194333632116307,0.5136776895269977,0.19066821357159058,0.36918211053877714,0.13286091546263107,7
contamination,0.22,0.6570937250378371,0.11529346641312169,0.6548866402707647,0.13500074635846132,0.4954338612202142,0.12419419079552206,0.41746540708981966,0.18129036504922544,0.2932937637010096,0.17079516378290963,0.5121499340954017,0.1901637281176398,0.3716298873922995,0.13382167285878802,7
contamination,0.23,0.6835906732018586,0.10480901954749947,0.6466675525258279,0.1344475383669445,0.49043170460467794,0.126633603150301,0.44749379205419615,0.16385150453938568,0.2738704757606593,0.14369937184015116,0.4974268082665675,0.17562238052554857,0.3660927543856914,0.1334080767060011,7
contamination,0.24,0.65109575294261,0.12341697009938814,0.6190256090421672,0.15002899549018905,0.46205110554761497,0.14095469999717616,0.4194301624741699,0.1857097458873213,0.29460980542435283,0.18409740175969785,0.5117728009037376,0.19531548827323503,0.36996911461127563,0.13671202443472324,7
contamination,0.25,0.6639738964462781,0.1169506547397497,0.6510611582926659,0.12079774505216667,0.4959763047259315,0.11753474102456167,0.43338493526597294,0.18105494963516078,0.28381938598506057,0.1641696248975396,0.5041854704950616,0.1858829296838638,0.3615195712652413,0.1261193090602948,7
contamination,0.26,0.6525232542263996,0.13784211073001168,0.6576540182449856,0.14142369475239233,0.4940162754086977,0.1275950694655497,0.41483776730583594,0.20381846408963358,0.2981089965726949,0.18951251096052854,0.513557640665468,0.20023853442319314,0.36899210218326317,0.14029698614640002,7
contamination,0.27,0.6993048259024112,0.09270652404554268,0.6664028919528573,0.12258073743726418,0.5079220557232957,0.11779257392085876,0.4725727185359706,0.15682829861176575,0.26464588077170026,0.15593429420718466,0.4870745127473752,0.1788062725527506,0.3474265180827757,0.1198675992523001,7
contamination,0.28,0.6967354970918372,0.11533328888150302,0.6758445983914656,0.12459627574799507,0.517036322269829,0.12059754012568707,0.4760949998409549,0.16571166360049466,0.25236093196385323,0.11508879402146761,0.48046945052171147,0.1584141584342157,0.3470268424788352,0.11799785525880101,7
contamination,0.29,0.6677777062137485,0.13145021478099447,0.645067115546012,0.14553887694978682,0.4822940139114756,0.14180118321278287,0.4405531568409456,0.190732796737524,0.2863301651953635,0.18577170561167433,0.5028551977334813,0.1975971099461789,0.3613297367141332,0.13532019308252258,7
contamination,0.3,0.7255272266630325,0.09641358006933921,0.6966887898651825,0.10836487842321572,0.5352584884677739,0.10800185407531394,0.5160353812263584,0.15121540982023252,0.2307074071082417,0.09994377418358946,0.46056611206686443,0.14725479316872225,0.33514144239900745,0.11367550666523692,7
contamination,0.31,0.7204894592808903,0.10952835206629274,0.6739681786993941,0.11900140924742318,0.5141554056224945,0.1170779455035904,0.512783586685347,0.16749348791391405,0.23116481143436565,0.1000020581866496,0.46067013762855197,0.14868022179698087,0.3377924479606889,0.11549280884445717,7
contamination,0.32,0.7223898993177963,0.11390501405373082,0.7182922261954666,0.10776982218910738,0.548042366908234,0.10726752652824656,0.5073760113134502,0.17110855634051764,0.24821435259144936,0.15809074716631477,0.46951924081798985,0.1799825202864779,0.33664303340995927,0.12099643006206719,7
contamination,0.33,0.7471706841894937,0.09897344875314498,0.7093208248391333,0.10763620558244302,0.5533170899477435,0.11117318874685066,0.5379113159638524,0.15010456263064265,0.2200433439487587,0.09640829324965648,0.4495434147122311,0.1447287322679802,0.326723556832116,0.11007311118169114,7
contamination,0.34,0.6589318452811289,0.17574974905725696,0.6571404780831944,0.21278632141116616,0.5053892666577451,0.1773112976871328,0.4189598914929192,0.23459338135868366,0.2956811139276935,0.19282665101846114,0.5098858947505605,0.20407613686840703,0.36068067786709435,0.14342897126151283,7
contamination,0.35,0.7298512770514263,0.11548875685467033,0.725541441878888,0.10527593250595026,0.5638888982257856,0.10654396117351986,0.5126982687447647,0.1860599491703035,0.25364107439083855,0.1876931645921491,0.469694440793665,0.1962980076094144,0.33067345558671635,0.12391682582065172,7
contamination,0.36,0.7223514053285635,0.10002511043299514,0.7065765432386087,0.12039790318219115,0.5466989263689161,0.1134230466901561,0.506431927573643,0.15607644103466242,0.2444932263706998,0.1316532142513187,0.469506852081442,0.16752900024320308,0.3321617854037783,0.11961190678018699,7
contamination,0.37,0.7679997628394395,0.08099632223071924,0.7349991961452069,0.11280047123076668,0.5710434753599609,0.11673504894405508,0.5564337724931405,0.13341136157335567,0.21527657650339796,0.10291688084058523,0.44320543236395427,0.14827825677047649,0.31944165556209575,0.11171333646820265,7
contamination,0.38,0.7300351374771753,0.12521230955535387,0.696843991812852,0.15597289050651394,0.5343085862959519,0.1501598735715967,0.5213476916222929,0.17537284678162915,0.23406143755858919,0.12127856158284732,0.4597589826385437,0.1626764724293402,0.3342336363898179,0.12700248536001302,7
contamination,0.39,0.7578249489065155,0.09581420616478739,0.7500953147435363,0.09861250042841195,0.5856333525302476,0.100091597945851,0.5565655703977775,0.14942370586892417,0.22389924193199626,0.14451653087254274,0.4459051212629401,0.1710141579637744,0.31701196631035927,0.11494112196634734,7
contamination,0.4,0.7462148342674669,0.14319992545878155,0.720377247040191,0.15472465768995164,0.5645857690770112,0.14506391861147544,0.5497891880011622,0.20891176472372724,0.23827002469967304,0.20422512326318856,0.4495727137059204,0.20537802484498885,0.3153392366401074,0.13070295968566364,7
contamination,0.41,0.7102414107451145,0.1334728969976904,0.6901446330586385,0.168220511581513,0.5374181266073953,0.1465063916546659,0.48638118235407685,0.20844623727044168,0.266333597147063,0.18824366639231663,0.48124139903244256,0.20132154671508415,0.3305462021459034,0.1281848834882895,7
contamination,0.42,0.7694651775513641,0.09502184473562902,0.7648401177389569,0.09636960550243429,0.5992975448618548,0.0996593812415484,0.5678405762203517,0.16086957257279125,0.22215598585840743,0.1602856532749448,0.44091227877054884,0.17993815512298697,0.30718010508515375,0.11256689693295104,7
contamination,0.43,0.7770778660308171,0.07917771590298521,0.7537570507393728,0.09372806773927135,0.5919691130608454,0.09793224707816944,0.5851106027459528,0.13061409995446255,0.20010037151433707,0.09057672117383188,0.4277795368477667,0.14126527975203912,0.30827135022548285,0.10733372704118366,7
contamination,0.44,0.7368393973488353,0.1291823475476324,0.7380092582079636,0.09792985607790183,0.5738555197061075,0.10506961916155347,0.5219699610359465,0.21294526323958812,0.25425964533605827,0.2135522229359046,0.4654558596245662,0.20947291652323483,0.3164832039335398,0.12365579109752829,7
contamination,0.45,0.7748045770140358,0.09829219045018545,0.7689589777158226,0.08927905223970062,0.6049912832234944,0.09192461071946216,0.5766852284327861,0.15578545051379827,0.21770243541618717,0.1502468508969145,0.4369242338689096,0.17682267243379488,0.30572011838253815,0.11694405372997749,7
contamination,0.46,0.7550395442950483,0.08451221523929477,0.7544168372895268,0.10314207869389552,0.589694769602592,0.10834884471030243,0.5493333398542177,0.146198691668794,0.22724870990747245,0.1334622130174018,0.4503417526343025,0.16886242437368953,0.30531427846250364,0.1081196954865814,7
contamination,0.47,0.7947559198379566,0.07722241365614477,0.7710209898827488,0.08638296155258446,0.6127795995210558,0.09081533113967917,0.6035141897441857,0.1272018398048698,0.19214999068723104,0.09506032704222396,0.4183415724579397,0.14141088836233331,0.29567482407682594,0.10178482184164372,7
contamination,0.48,0.8000138362790582,0.06387073470727953,0.7625962136670921,0.08495359287929037,0.6056660315773542,0.09008806870324429,0.60410364322264,0.11443472836828635,0.1930506154157749,0.09283098716800174,0.4195193380112777,0.1410549438767742,0.2938483371537312,0.10279696205946459,7
contamination,0.49,0.7779090144125222,0.11333325917582661,0.7506477914328972,0.1258841083129218,0.5955471884788011,0.11998748414597235,0.585694154574815,0.1715992890662638,0.19753112623517385,0.09673137138621958,0.4234284083239677,0.14587469783792537,0.2970067988273933,0.10595450842284754,7
contamination,0.5,0.7590740286262286,0.09590269919645855,0.7433510259438084,0.10533018247984839,0.5893343790586317,0.10571050753745723,0.5606880031354612,0.15844966669633256,0.22533267665491494,0.15070791354426077,0.4452121574729388,0.17787246388561798,0.3030820471022243,0.11728138750796262,7
contamination,0.51,0.7858568303405707,0.07243522153040843,0.7603709114756352,0.08543725694504589,0.6037157599001646,0.09231918478044598,0.5968908210766043,0.12663969913525153,0.2038114175089048,0.12275237951737092,0.42630248264445225,0.1604905374160572,0.2907921341222595,0.10530565837065661,7
contamination,0.52,0.8072860564570438,0.07513678303999241,0.785258368831438,0.07957130942048589,0.6280527518393283,0.08440514756652416,0.6177050885466632,0.12695016134109527,0.1844557897506689,0.08724317944193487,0.4102041451784367,0.13742782542343118,0.28866773759151576,0.10406813919443793,7
contamination,0.53,0.8461295828902023,0.060038348103601834,0.8205465896576566,0.07756120352531187,0.6625176136035126,0.08727230162575719,0.676743639106639,0.1029112739219526,0.15537971648962018,0.07628676585554625,0.37673106225732467,0.12528232286893434,0.266389815614733,0.09164432833391971,7
contamination,0.54,0.7825783115301643,0.08442991121315478,0.7781202712740242,0.08349804934129686,0.6197617934283429,0.08975646615677348,0.580395484951823,0.16265056925468196,0.21946751970920686,0.16453340946850498,0.43629667257160587,0.18429556536763742,0.2911173751738226,0.11124001984074172,7
contamination,0.55,0.8231966999894345,0.05388067818775371,0.7908675640334387,0.07119881724705752,0.6325479581021396,0.08078450073967333,0.6529992270046233,0.10102114006592881,0.1696707600301582,0.08404169765178868,0.39293332806383907,0.13349102222486428,0.2739357272505202,0.09699018694341605,7
contamination,0.56,0.8107604347681423,0.08313824142775847,0.786055973261565,0.10350578470637911,0.6288553423061806,0.104603679336126,0.628271219579225,0.12781248328326295,0.18106242297732061,0.08929261320242994,0.40529277918352097,0.14000077549376186,0.28056996125397465,0.10085880697478834,7
contamination,0.57,0.8322259740788873,0.05205392173490942,0.8005389105556044,0.07792884470828412,0.6427196606186281,0.08582298622846077,0.6541409080728406,0.10979037849034509,0.1736262768227978,0.10889983628521979,0.39368226770128417,0.1474696818799296,0.27275070413948105,0.10133795378464801,7
contamination,0.58,0.8463216660014463,0.07031896607857444,0.8293399407911661,0.08892225741856458,0.6743769704793344,0.09700384536333138,0.6754554970316179,0.12514714632428894,0.16524064645049932,0.11316823709581847,0.38091363628866887,0.15330695623427146,0.26115267108810386,0.09436775539669984,7
contamination,0.59,0.8414082831980753,0.06771494978377013,0.8230339120823711,0.075764671443454,0.6714748061481108,0.08744767444559572,0.6742250729382471,0.11545623961282923,0.15777245465755943,0.0800886213473035,0.3782275054318624,0.1310310787220914,0.2634480509698549,0.09167469944085771,7
contamination,0.6,0.8196273433370216,0.06102238535270406,0.7851456806113212,0.08852188651440185,0.6348790094302006,0.0890736812523706,0.6381011794620531,0.12017239855777487,0.18249710766036545,0.1084604137260184,0.4033531599840123,0.15199964470295135,0.27530374565551297,0.10423662912973379,7
contamination,0.61,0.8615563868123475,0.03811187899224597,0.819343916580198,0.07259480159045788,0.6657985579493321,0.07362990513341029,0.7064344801649014,0.08147586985363553,0.14414698452593835,0.07454292880303397,0.36189425477515424,0.12400049072935064,0.2564462719140754,0.09266406996923975,7
contamination,0.62,0.8046970752724457,0.08037118515297713,0.809472478756052,0.07457828143328886,0.6551156891564575,0.08581949657067432,0.6057520998943451,0.18317946527890866,0.2111851842322244,0.18283772221369707,0.42282051051163394,0.19444622258280891,0.27469721102390127,0.10747101600349612,7
contamination,0.63,0.8299335626146228,0.06380509782680628,0.8093353266685367,0.07440094824511395,0.6551536463495358,0.08265515465724775,0.6573839311181996,0.12398595359361735,0.17667151056707714,0.12395153888567548,0.3935167702888781,0.15953705655187253,0.2653230899518612,0.10085851736969909,7
contamination,0.64,0.8558244246253122,0.07084187678550856,0.8416220591636504,0.07525617973804351,0.6920173040461745,0.08227807521252223,0.6965329374846252,0.11951430829706973,0.14304583941414073,0.06657759772219397,0.3618574874349987,0.11883811636675702,0.24903866594904742,0.08297615478884315,7
contamination,0.65,0.8599665035783098,0.054912700031061884,0.8465629793223943,0.0741273253816556,0.6953060350657572,0.08593251212780738,0.6972502790181314,0.1092186460978148,0.15355424919957508,0.10114717409421028,0.3682702603870864,0.14463681619722474,0.2527172567842876,0.09197393782282431,7
contamination,0.66,0.8727812643359639,0.04399322982847594,0.8576412160595315,0.05455308318821878,0.7113689202233963,0.07287435816316284,0.7175583838033177,0.08379362856510182,0.13812164474686542,0.06850405444670904,0.35442754856599784,0.12077479245172172,0.2421602726794869,0.0851884357306248,7
contamination,0.67,0.8967277847209323,0.06222884184643818,0.8686523215139378,0.06942228137856639,0.7231333306710336,0.0810446311457474,0.7624501867144053,0.10918315292720862,0.10987194979886779,0.05669482008954372,0.31606745116045804,0.10786813926471737,0.22854931764577932,0.07694258183178697,7
contamination,0.68,0.8378868442975717,0.07934389292113332,0.8107746616298652,0.08849485579226316,0.6598662999304314,0.09929509298492654,0.6646216055447257,0.14251317218813583,0.17287481421700096,0.11939802619048488,0.38802616681987745,0.16133482604019264,0.2633004648647642,0.10720312073381838,7
contamination,0.69,0.8573170073051962,0.07580264871026565,0.8272932949940637,0.0924378644086255,0.6798005099235328,0.09296161950354905,0.6919971360412477,0.147214938169404,0.1654369921321505,0.14982698163670946,0.37340034247170845,0.17419540494280614,0.25355158349035384,0.10349878403654232,7
contamination,0.7,0.8863637645902844,0.04183592067602043,0.8777964855117785,0.055966727832433796,0.7320779002650967,0.07471577257292956,0.7245737153924002,0.1033936508503638,0.14241094218158742,0.10276097850174341,0.352657967944857,0.14508796112826503,0.23767190262115986,0.08764236464192494,7
contamination,0.71,0.8918678016031371,0.032035154030694867,0.8752777631705485,0.05345882093866415,0.7217127711069674,0.06530726318945425,0.7506368139767267,0.07417548859468961,0.12406031057373192,0.0719194451272851,0.3340735149693765,0.12054486038273873,0.23240508488624984,0.08383466781347015,7
contamination,0.72,0.8688525446555697,0.05376342035304259,0.8498085356082162,0.07295865122275172,0.7083100008854476,0.0754736372397246,0.7206118127482818,0.09683174838612077,0.1371424875217592,0.06962848242808865,0.35204470338650956,0.12412970392217824,0.2344999817380876,0.08374565178006806,7
contamination,0.73,0.8638532479510977,0.059120395285382224,0.8565451223028658,0.05830244527234621,0.718003852829552,0.06907003305867787,0.7119505476032197,0.11489388598588493,0.1506349071874372,0.11480032220673338,0.3611225938885144,0.15361079367168937,0.23657986677479026,0.09089405914999353,7
contamination,0.74,0.8937327186237486,0.04680916007987678,0.8697461818833648,0.06130519251177348,0.7308536169874426,0.07437174906147138,0.7490433882507298,0.08902262806757584,0.12260438148714094,0.06528154637867224,0.33266869527976123,0.11800525742243868,0.22728399188485696,0.08214331859569494,7
contamination,0.75,0.8916604900849813,0.050119665719212364,0.8608322611014153,0.06286003215723017,0.7212042710977432,0.0730802497422255,0.7532776273111924,0.08491129425685276,0.11844579805565372,0.05598260110527247,0.32880763414239006,0.10978719149439758,0.2291062099179435,0.08201332903333718,7
contamination,0.76,0.8871961250610381,0.03267776916905576,0.8805615814011919,0.05420426569823904,0.7383540836839444,0.0695961092278767,0.7353364735261374,0.08860525901418875,0.13545360084900948,0.08961772518427182,0.34589976725350063,0.13579927776003628,0.2339845083583567,0.08785613268908744,7
contamination,0.77,0.9143429898707673,0.032880519720845484,0.9000191121405725,0.039138392210659526,0.7583244598605449,0.05517546476933349,0.7855201185530772,0.07219290010749818,0.10298613417774505,0.04892163452968788,0.30671072790296455,0.10198255158673847,0.22017685930311304,0.07729787980117148,7
contamination,0.78,0.9160405836242784,0.05217037374227055,0.9040655368442329,0.05369000540741394,0.7704875758414936,0.07614171242135612,0.7898141226598262,0.08872636427525553,0.09795297294993562,0.04591185558117984,0.2995384194034708,0.09798635768857675,0.2096787306445427,0.0699099541997089,7
contamination,0.79,0.9305712968508443,0.030891039117899907,0.9046046503726151,0.05161170845961628,0.7722841905383833,0.07136440476047895,0.8230980526934071,0.0633854204914171,0.08444458113549307,0.04295098541430413,0.2772493123527159,0.0940228691578764,0.19797880357105566,0.06873560080029509,7
contamination,0.8,0.9145915195090424,0.03360807942355227,0.9034089256290952,0.045606129758663454,0.7636208181213721,0.06141082960305092,0.7904475878294013,0.0719950488889532,0.10247119215681037,0.05374687432195614,0.3044637681182328,0.10677940065106296,0.20831520811751766,0.0725295397532788,7
contamination,0.81,0.9161192088375822,0.034062637214952965,0.906590711082344,0.0473444996931623,0.7682324492464053,0.06445842136718967,0.7908541112982782,0.07638069633057895,0.10391489548057772,0.06122972817033771,0.3045954687104473,0.11398499276329063,0.20818196783892282,0.07600218746956063,7
contamination,0.82,0.9174621522677127,0.033364879842109195,0.9005922559865353,0.05848185124540007,0.7716160427952847,0.07092835004977863,0.7879005848815233,0.06943877582099162,0.10390767684767048,0.054305978505204,0.3067309526630512,0.10705652454242143,0.2070641739677419,0.07461193033953721,7
contamination,0.83,0.9394709259669766,0.02945073004365209,0.920182380454685,0.0527626095617288,0.7921383317995853,0.07984958338554204,0.8329447813201684,0.05343687254775877,0.07842935115747622,0.03484235173152742,0.26907529381521395,0.0838598651621934,0.19440071743001683,0.0645202459061862,7
contamination,0.84,0.9264316671585994,0.0336178788471451,0.9099728653483071,0.048252060394773026,0.7800965857895201,0.06320620738730073,0.8094897972656853,0.08219469913581653,0.09959479175345066,0.07958793851661165,0.2926056508706672,0.12769564977191347,0.20413864357652312,0.08110041103087434,7
contamination,0.85,0.9405718182113308,0.014147949080163312,0.9243160494396934,0.03681460827986274,0.7938076983776801,0.05417759320343792,0.8298853470075367,0.04775003133092492,0.08460881692930286,0.04844782887050648,0.2761574865692593,0.0986754079354506,0.1950722829314649,0.07074378654280714,7
contamination,0.86,0.9376881466749298,0.02827226172156631,0.9184524822794617,0.04153463893768891,0.7879542006616855,0.06105550866044912,0.8306464235171499,0.060567126996342556,0.08022958606759677,0.03567789656627803,0.2710926892131095,0.08866451700991444,0.192117283194666,0.06680619912217031,7
contamination,0.87,0.9395740893025748,0.021271624619648405,0.9173560011199614,0.031757059852145574,0.7884295633236855,0.04744177415018255,0.8349643342610404,0.04878064737696862,0.08027235473857772,0.03842094690913072,0.2705820318444077,0.09074141967766394,0.1908355985675014,0.0681733838485168,7
contamination,0.88,0.9384663731154542,0.020118217975916914,0.9093767931943236,0.038269810049494285,0.7811528427977985,0.05208556817097872,0.8288154785083189,0.0570948465033976,0.08654730844890338,0.051524920456875845,0.2775526179111637,0.10534306588233572,0.19304636591063154,0.07281849433374245,7
contamination,0.89,0.9490256458741706,0.014392451919510297,0.936590559558655,0.03171636194933213,0.8117355248589849,0.05435734004362938,0.8465729784767957,0.04841908932109341,0.07734901455936327,0.04806989630259404,0.26264732727824064,0.09879083310267213,0.18542461902860913,0.06534997720819541,7
contamination,0.9,0.9297006088766998,0.02939116441681145,0.9291658518704533,0.03436912792674121,0.8054804960236677,0.04867483986280049,0.8129708785738313,0.07694989048696789,0.09787763672746996,0.07392236527798196,0.29082019319034835,0.12457177564319355,0.19212407831066938,0.072322324038501,7
contamination,0.91,0.9472327302213588,0.02266901427551056,0.9222103566954561,0.034940262855418076,0.7898058588531249,0.05623060447468958,0.8504011355681148,0.049648997746674764,0.0748077861495231,0.04363475027168967,0.2587761187914981,0.09565471363984206,0.18334418118205215,0.06763310622412413,7
contamination,0.92,0.9530098246484427,0.025321616087341813,0.936741427148176,0.033166147776583985,0.8196314818143221,0.04685759544306063,0.8528019591208605,0.05123407581189969,0.07231296114856926,0.03865890714425878,0.25545023938770306,0.090744103956622,0.18177828465711002,0.06660460528088906,7
contamination,0.93,0.9598488368540988,0.012066086662642642,0.9365363160116384,0.02671180974283857,0.8142664083988418,0.044196413732072316,0.8690347312078109,0.04200634659065847,0.06639265622661715,0.042545210672380644,0.24287123624741477,0.09295476660889711,0.17742685481044415,0.06565162195795331,7
contamination,0.94,0.9666904915544317,0.011474816798077887,0.9416316356273402,0.031352637574931,0.8243657672242425,0.048045433000073044,0.8753652852659842,0.03581487778139972,0.06263740049188385,0.036911948785127484,0.23697377197635897,0.08695384140475845,0.1779446564036766,0.06733999808312999,7
contamination,0.95,0.9678723392715367,0.015143490624721673,0.9517390186273614,0.025753023944251562,0.8420348254641795,0.04989600261677592,0.8826887371890895,0.038025686715152864,0.057955797629636464,0.03220360250685704,0.2284539288653174,0.0820083330211618,0.16801950812913988,0.06007940141585733,7
contamination,0.96,0.9684905199649142,0.010472113578653209,0.9454908371979565,0.026258472396551578,0.8310080280002873,0.04144609536312614,0.8794738901911503,0.038136891259298124,0.06096126765800396,0.03750490107370259,0.23304005486964932,0.08810524330829538,0.1725421284078877,0.06484345346144481,7
contamination,0.97,0.9724775892272678,0.007855339254309696,0.9553231650930444,0.027385471482621677,0.8412564727474148,0.05003280188032719,0.888856690762387,0.031189851220862243,0.054847076990322687,0.02864146552597547,0.22296961342901758,0.07737505987446265,0.16675747743894417,0.059520362917993765,7
contamination,0.98,0.9738815683936795,0.004764281421545905,0.9545665756055097,0.024370751312673005,0.8372523065782959,0.040301570585388,0.8925945181081305,0.03337637204283587,0.05409264618385547,0.033464483362593556,0.2197522224270491,0.08227114566642585,0.16768882392894266,0.06566992914081263,7
contamination,0.99,0.9735296588168929,0.005963221665215959,0.9554977861834483,0.023567420737791115,0.8394752222407627,0.04099657455123017,0.8901143717297536,0.032700882700577236,0.054758527890748705,0.031097024836433788,0.22196641896310768,0.0800271383178857,0.16793382726302503,0.06450013275549174,7
contamination,1.0,0.9773552160952474,0.005463520417852911,0.9622755738419239,0.02422566676926535,0.8535474470506311,0.044085278892644957,0.8983260075284358,0.02900557123430866,0.05049957294464448,0.02862314743619627,0.21340110624406236,0.07606662166502931,0.16168411503803712,0.059218376066311376,7
