task_type,metric,model,scenario,fraction,n,mean_degradation,median_degradation,std_degradation,ci95_low,ci95_high,positive_rate,expected_direction,p_expected_direction,q_expected_direction,supports_expected
classification,pr_auc,lgbm,cliffs,0.01,81,0.0006349305130362122,0.0,0.005971255566409638,-0.0006654762547596645,0.0019353372808320888,0.345679012345679,degrade,0.055479920537518275,0.05955671981024326,False
classification,pr_auc,lgbm,cliffs,0.02,81,0.00014933843702320728,0.0,0.005804679682250274,-0.0011147918048890744,0.001413468678935489,0.41975308641975306,degrade,0.06951628053114745,0.0734511643347973,False
classification,pr_auc,lgbm,cliffs,0.05,81,0.0009130347011916251,0.00029473797157775206,0.008111804036995926,-0.0008535359557541542,0.0026796053581374045,0.5432098765432098,degrade,0.04623537102601597,0.0497919380280172,True
classification,pr_auc,lgbm,cliffs,0.1,81,0.0011271702711787939,0.0013099882173045474,0.013566626513424062,-0.0018273395028557797,0.004081680045213368,0.5802469135802469,degrade,0.002299148471081408,0.0027788269290768097,True
classification,pr_auc,lgbm,cliffs,0.2,81,0.0027060606588041936,0.001033784967395368,0.013071688120087537,-0.00014066253179264784,0.005552783849401035,0.6296296296296297,degrade,0.0014509905177525267,0.0017728465962358144,True
classification,pr_auc,lgbm,cliffs,0.5,81,0.008772458562648727,0.002639931331907208,0.024619456482002165,0.003410888039901588,0.014134029085395865,0.7530864197530864,degrade,1.3497898514837255e-05,1.9299122982916246e-05,True
classification,pr_auc,lgbm,cliffs,1.0,81,0.019160725404118818,0.010101130129006819,0.030440971304369496,0.012531358320056127,0.02579009248818151,0.8641975308641975,degrade,1.382158390833705e-10,3.0156183072735385e-10,True
classification,pr_auc,lgbm,conflicts,0.01,81,0.0016911771166074868,0.0018231388250816716,0.012722536202895008,-0.0010795085453563149,0.004461862778571289,0.6790123456790124,degrade,0.0010626023525936003,0.0013174700755404047,True
classification,pr_auc,lgbm,conflicts,0.02,81,0.004277967066673766,0.0031065448825683406,0.012360994911687009,0.0015860170636841507,0.006969917069663382,0.7407407407407407,degrade,6.300233850011836e-06,9.244011238445314e-06,True
classification,pr_auc,lgbm,conflicts,0.05,81,0.0058508265770195675,0.006269579987038809,0.02131327045904419,0.001209269899272166,0.010492383254766969,0.7530864197530864,degrade,6.161665284974654e-05,8.281278143005935e-05,True
classification,pr_auc,lgbm,conflicts,0.1,81,0.01581125433182539,0.013161372090904178,0.0224745219734579,0.010916802879827893,0.020705705783822886,0.8765432098765432,degrade,5.163047933672825e-10,1.0513843064933751e-09,True
classification,pr_auc,lgbm,conflicts,0.2,81,0.0238149304162672,0.024011259220183045,0.02336094448685035,0.0187274358391309,0.028902424993403498,0.8765432098765432,degrade,1.2853055662919583e-11,3.152282264774438e-11,True
classification,pr_auc,lgbm,conflicts,0.5,81,0.052878135906277324,0.052973062024496476,0.03986959250493731,0.044195424649646535,0.06156084716290811,0.9259259259259259,degrade,6.340960096785044e-13,1.9368750841088864e-12,True
classification,pr_auc,lgbm,conflicts,1.0,81,0.33030083480524364,0.39579037546254103,0.1568513296275597,0.29614210079746395,0.3644595688130233,1.0,degrade,2.656508844358384e-15,3.1699809871514794e-14,True
classification,pr_auc,lgbm,contamination,0.01,81,-0.014422947681389835,-0.001541907270555809,0.054196822449583404,-0.026225811237076888,-0.002620084125702783,0.32098765432098764,inflate,0.00011053052137401493,0.00014679152245718977,True
classification,pr_auc,lgbm,contamination,0.02,81,-0.020064191106974272,-0.0034623246631564353,0.060180943882315305,-0.03317026333023405,-0.006958118883714495,0.13580246913580246,inflate,3.3319790066050284e-11,7.7746176820784e-11,True
classification,pr_auc,lgbm,contamination,0.05,81,-0.033612954808750914,-0.009629123990978039,0.07655364106692246,-0.050284636641102914,-0.016941272976398913,0.037037037037037035,inflate,8.457242579507803e-15,6.314741126032494e-14,True
classification,pr_auc,lgbm,contamination,0.1,81,-0.04292482037294736,-0.01708800963324708,0.08686691365839748,-0.06184250379188726,-0.02400713695400747,0.024691358024691357,inflate,3.3544113134269244e-15,3.2202348608898475e-14,True
classification,pr_auc,lgbm,contamination,0.2,81,-0.06879701995260469,-0.03472743955298574,0.09746219697180995,-0.09002212062646553,-0.04757191927874386,0.0,inflate,2.6813131325564844e-15,3.1699809871514794e-14,True
classification,pr_auc,lgbm,contamination,0.5,81,-0.1259159910724015,-0.08591685852762687,0.12317451254483125,-0.15274066269327585,-0.09909131945152715,0.0,inflate,2.6813131325564844e-15,3.1699809871514794e-14,True
classification,pr_auc,lgbm,contamination,1.0,81,-0.1959944269377716,-0.12150336139604423,0.17837591748557963,-0.2348407378568534,-0.15714811601868983,0.0,inflate,2.656508844358384e-15,3.1699809871514794e-14,True
classification,pr_auc,lgbm,random_label_noise,0.01,81,0.0014977328954110046,0.0012042190212701032,0.015270601958371457,-0.0018278648644121126,0.004823330655234122,0.654320987654321,degrade,0.0034455855116411363,0.004090871844209971,True
classification,pr_auc,lgbm,random_label_noise,0.02,81,0.004643032257271345,0.003633361744043051,0.008306718494960277,0.002834013562813329,0.006452050951729361,0.7901234567901234,degrade,1.727996638532679e-07,2.9030343527349007e-07,True
classification,pr_auc,lgbm,random_label_noise,0.05,81,0.009194489025797666,0.0076470910235121314,0.010483139114795937,0.006911494285242107,0.011477483766353226,0.8888888888888888,degrade,4.406891153550121e-12,1.1568089278069068e-11,True
classification,pr_auc,lgbm,random_label_noise,0.1,81,0.014956039588961738,0.014102549961533595,0.020213941922605155,0.010553892236927726,0.01935818694099575,0.8888888888888888,degrade,2.5291497483687217e-10,5.278225561812984e-10,True
classification,pr_auc,lgbm,random_label_noise,0.2,81,0.030644212816796856,0.030120388495958883,0.028437717441893644,0.02445110990722891,0.036837315726364804,0.9012345679012346,degrade,1.3343447134338096e-12,3.9676090594138055e-12,True
classification,pr_auc,lgbm,random_label_noise,0.5,81,0.10016817688867279,0.09956550664235597,0.06227385843120564,0.08660631438587689,0.11373003939146868,0.9259259259259259,degrade,3.2414864003015745e-14,2.1782788610026582e-13,True
classification,pr_auc,lgbm,random_label_noise,1.0,81,0.32131916233978963,0.38541223005308256,0.1670563786755113,0.28493799542823384,0.35770032925134543,0.9506172839506173,degrade,5.851872161443008e-15,4.572625688941513e-14,True
classification,pr_auc,rf,cliffs,0.01,81,0.0010801344808789924,0.0,0.005447873322126557,-0.00010629126482856891,0.0022665602265865537,0.35802469135802467,degrade,0.005122590959240555,0.006018148819247645,True
classification,pr_auc,rf,cliffs,0.02,81,0.0014057026030087538,0.0,0.008040051940970553,-0.000345242041913722,0.0031566472479312296,0.4074074074074074,degrade,0.05647465260425691,0.06043147539818573,False
classification,pr_auc,rf,cliffs,0.05,81,0.0014613626237946768,0.0,0.009840189969823636,-0.0006816120807446925,0.003604337328334046,0.4567901234567901,degrade,0.06896705232724833,0.0731007242332979,False
classification,pr_auc,rf,cliffs,0.1,81,0.003317755879186125,0.0005091032192148237,0.01471154097545317,0.00011390917786521229,0.006521602580507038,0.5308641975308642,degrade,0.036716489697576404,0.039667976007670976,True
classification,pr_auc,rf,cliffs,0.2,81,0.001647832620235243,0.00015169871476938823,0.01676769714381367,-0.0020037992021952893,0.005299464442665776,0.5308641975308642,degrade,0.06741625313986645,0.07168310460441496,False
classification,pr_auc,rf,cliffs,0.5,81,0.006906919484558047,0.0018404830191747212,0.024047664326070098,0.00166987258688056,0.012143966382235534,0.691358024691358,degrade,0.0004041424209775903,0.0005163188344048302,True
classification,pr_auc,rf,cliffs,1.0,81,0.015548280365553033,0.005145668751881938,0.03350732559367102,0.0082511294584869,0.022845431272619166,0.8271604938271605,degrade,8.361693682632574e-09,1.5352617909095874e-08,True
classification,pr_auc,rf,conflicts,0.01,81,-4.145984904486e-05,0.0006390390937558443,0.013427020767420746,-0.0029655665939498223,0.0028826468958601027,0.6049382716049383,degrade,0.1495940664420145,0.15371133432573966,False
classification,pr_auc,rf,conflicts,0.02,81,0.0024995916449870926,0.002510003987743592,0.018554144204582953,-0.0015410886484554169,0.006540271938429602,0.6666666666666666,degrade,0.0014731800461859263,0.0017934365779654754,True
classification,pr_auc,rf,conflicts,0.05,81,0.005047924007430866,0.004305427756492786,0.019276704890356176,0.0008498860535310765,0.009245961961330656,0.7407407407407407,degrade,3.572048189692671e-05,4.9391283610565326e-05,True
classification,pr_auc,rf,conflicts,0.1,81,0.01069352136073455,0.006825903060429017,0.018394518676925795,0.006687603959981823,0.014699438761487278,0.8518518518518519,degrade,3.839713090760229e-08,6.754678526154121e-08,True
classification,pr_auc,rf,conflicts,0.2,81,0.0188947799271359,0.0166080866900854,0.02839659662672874,0.012710632217314975,0.025078927636956825,0.9012345679012346,degrade,8.014246433163258e-10,1.6028492866326516e-09,True
classification,pr_auc,rf,conflicts,0.5,81,0.043847812673701726,0.040912938291941536,0.03943646693532022,0.03525942654112088,0.05243619880628257,0.9012345679012346,degrade,5.914740546489824e-12,1.5287329412466005e-11,True
classification,pr_auc,rf,conflicts,1.0,81,0.3231854809797395,0.38581480214357566,0.15263615431782607,0.2899447184838574,0.3564262434756216,1.0,degrade,2.6813131325564844e-15,3.1699809871514794e-14,True
classification,pr_auc,rf,contamination,0.01,81,-0.013505652883917715,-0.002612561283510617,0.04364593335313175,-0.02301076725859974,-0.00400053850923569,0.2222222222222222,inflate,5.6683844891466585e-08,9.919672856006653e-08,True
classification,pr_auc,rf,contamination,0.02,81,-0.02084065792746813,-0.00508737158772371,0.050980946990784946,-0.03194317527212796,-0.009738140582808297,0.1111111111111111,inflate,3.501070667843764e-12,9.486772132221813e-12,True
classification,pr_auc,rf,contamination,0.05,81,-0.03327321264765274,-0.0121043423011582,0.06106223612404823,-0.04657121073688991,-0.01997521455841557,0.08641975308641975,inflate,3.60983887724426e-14,2.3782467897138653e-13,True
classification,pr_auc,rf,contamination,0.1,81,-0.04598756923403109,-0.020217980233378285,0.07134189019645489,-0.061524247543481264,-0.030450890924580917,0.037037037037037035,inflate,1.463364645468288e-14,1.0461500444198825e-13,True
classification,pr_auc,rf,contamination,0.2,81,-0.07409527256973188,-0.04894524116155763,0.0831139866697266,-0.09219565188891678,-0.055994893250546976,0.0,inflate,2.6813131325564844e-15,3.1699809871514794e-14,True
classification,pr_auc,rf,contamination,0.5,81,-0.1395627174429097,-0.10468677891313782,0.12585875669965968,-0.1669719577908356,-0.11215347709498383,0.0,inflate,2.6813131325564844e-15,3.1699809871514794e-14,True
classification,pr_auc,rf,contamination,1.0,81,-0.19907793283407232,-0.15287834829310842,0.17758993805019876,-0.23775307489833783,-0.16040279076980682,0.0,inflate,2.6813131325564844e-15,3.1699809871514794e-14,True
classification,pr_auc,rf,random_label_noise,0.01,81,0.0011513420564300844,0.001552366256548754,0.012690658423908777,-0.0016124013336656043,0.003915085446525773,0.6419753086419753,degrade,0.0006634558202081335,0.0008349106950933815,True
classification,pr_auc,rf,random_label_noise,0.02,81,0.0012257481866202937,0.0027097524348747015,0.015840462837220688,-0.002223952609041101,0.004675448982281688,0.6790123456790124,degrade,0.0001509840630634752,0.0001981665827708112,True
classification,pr_auc,rf,random_label_noise,0.05,81,0.004191667065116523,0.004544119378843137,0.015527730734791866,0.0008100723717618498,0.007573261758471196,0.8271604938271605,degrade,8.542409381044184e-08,1.4719228471953054e-07,True
classification,pr_auc,rf,random_label_noise,0.1,81,0.012421420213870878,0.010941088857814751,0.017685898925781388,0.00856982444781182,0.016273015979929938,0.9012345679012346,degrade,6.7373904063111894e-12,1.728063493527145e-11,True
classification,pr_auc,rf,random_label_noise,0.2,81,0.022339287746333942,0.021403016257770524,0.019102539650126305,0.018179179111417546,0.02649939638125034,0.9135802469135802,degrade,2.130607942612218e-12,6.066815836590722e-12,True
classification,pr_auc,rf,random_label_noise,0.5,81,0.09378342215581913,0.08943348920375915,0.05206752654797111,0.08244427192981653,0.10512257238182172,0.9629629629629629,degrade,4.193182068004856e-15,3.6125876278195683e-14,True
classification,pr_auc,rf,random_label_noise,1.0,81,0.32870298405274717,0.38290341089944085,0.14977534009528132,0.2960852433208859,0.3613207247846084,1.0,degrade,2.6813131325564844e-15,3.1699809871514794e-14,True
classification,pr_auc,torch_mlp,cliffs,0.01,81,-0.0008061815148818999,0.0,0.010256142988716452,-0.0030397415435357046,0.001427378513771905,0.3333333333333333,degrade,0.24185523804449854,0.24476915657515516,False
classification,pr_auc,torch_mlp,cliffs,0.02,81,0.0006684951166139411,0.0,0.009221348712117267,-0.0013397097140249305,0.0026766999472528125,0.4691358024691358,degrade,0.017281850304972896,0.01935567234156964,True
classification,pr_auc,torch_mlp,cliffs,0.05,81,0.0015779765855986664,0.0,0.009385959581211877,-0.00046607683430969745,0.00362203000550703,0.48148148148148145,degrade,0.03460069440015685,0.0376240560467725,True
classification,pr_auc,torch_mlp,cliffs,0.1,81,0.004554572574472549,0.0,0.017643805217122572,0.000712143882743634,0.008397001266201465,0.4691358024691358,degrade,0.03451764910412039,0.0376240560467725,True
classification,pr_auc,torch_mlp,cliffs,0.2,81,0.0070304069035106295,0.0053337868253198195,0.01649807122306359,0.003437493614932336,0.010623320192088923,0.6790123456790124,degrade,3.187188405354393e-05,4.443548980079154e-05,True
classification,pr_auc,torch_mlp,cliffs,0.5,81,0.019535437920518234,0.011035305558679376,0.03847935708354485,0.011155489044546245,0.02791538679649022,0.7407407407407407,degrade,6.963357291363542e-08,1.2122736009834975e-07,True
classification,pr_auc,torch_mlp,cliffs,1.0,81,0.02947455604460975,0.017479246223896405,0.045765774500564176,0.019507787375597996,0.0394413247136215,0.8271604938271605,degrade,2.1117614855779282e-10,4.4625903091458107e-10,True
classification,pr_auc,torch_mlp,conflicts,0.01,81,0.00831391498567783,0.008057859277779023,0.012805383660745623,0.0055251869884487825,0.011102642982906877,0.7037037037037037,degrade,3.8793536017379287e-07,6.266648125884346e-07,True
classification,pr_auc,torch_mlp,conflicts,0.02,81,0.013760748105703744,0.013958412260392405,0.015485663607125777,0.010388314697929685,0.017133181513477803,0.8271604938271605,degrade,7.783914542971959e-10,1.5661049619392685e-09,True
classification,pr_auc,torch_mlp,conflicts,0.05,81,0.020147969724463057,0.02008033854277591,0.019431591294958476,0.01591620095356099,0.024379738495365125,0.8024691358024691,degrade,7.92454479848548e-12,1.9723311498452752e-11,True
classification,pr_auc,torch_mlp,conflicts,0.1,81,0.029988189933191356,0.028644948746821802,0.021460103646406634,0.025314656250196133,0.03466172361618658,0.9012345679012346,degrade,6.164918209182493e-14,3.7662045787005774e-13,True
classification,pr_auc,torch_mlp,conflicts,0.2,81,0.043359627931031854,0.049813224751167784,0.03489123282376895,0.03576109278274439,0.050958163079319316,0.9259259259259259,degrade,2.9685059715165643e-12,8.31181672024638e-12,True
classification,pr_auc,torch_mlp,conflicts,0.5,81,0.10369881430663809,0.10938878743362213,0.060073437087955275,0.09061615467415005,0.11678147393912613,0.9629629629629629,degrade,8.773442799253203e-15,6.40842778380234e-14,True
classification,pr_auc,torch_mlp,conflicts,1.0,81,0.28099606856911735,0.3014021646266013,0.14576636027003798,0.24925139455475354,0.31274074258348117,0.9753086419753086,degrade,3.3544113134269244e-15,3.2202348608898475e-14,True
classification,pr_auc,torch_mlp,contamination,0.01,81,-0.010746987576614823,-0.0034026461198554125,0.030416886912681598,-0.017371109615376593,-0.004122865537853054,0.345679012345679,inflate,1.8391632308516975e-05,2.6184696846024168e-05,True
classification,pr_auc,torch_mlp,contamination,0.02,81,-0.015368579888529578,-0.005059914841839874,0.04563601973489567,-0.02530709085301797,-0.005430068924041187,0.3333333333333333,inflate,2.347541021160398e-05,3.286557429624558e-05,True
classification,pr_auc,torch_mlp,contamination,0.05,81,-0.03264957683110483,-0.012850721593617997,0.06428335645637774,-0.04664906334827154,-0.01865009031393812,0.1111111111111111,inflate,2.42270676380483e-13,7.752661644175456e-13,True
classification,pr_auc,torch_mlp,contamination,0.1,81,-0.05055475971902304,-0.02525275191534737,0.0794018088775354,-0.06784670920790853,-0.03326281023013755,0.024691358024691357,inflate,3.1133741838094886e-15,3.1699809871514794e-14,True
classification,pr_auc,torch_mlp,contamination,0.2,81,-0.08179515589073182,-0.04872683301662961,0.09735869699101679,-0.10299771656877547,-0.06059259521268816,0.012345679012345678,inflate,2.8894048274683323e-15,3.1699809871514794e-14,True
classification,pr_auc,torch_mlp,contamination,0.5,81,-0.16296671557479964,-0.10641743442771034,0.13903709781963616,-0.1932459057666315,-0.13268752538296777,0.0,inflate,2.6813131325564844e-15,3.1699809871514794e-14,True
classification,pr_auc,torch_mlp,contamination,1.0,81,-0.2473339213967989,-0.17233300909243454,0.1968989290326192,-0.2902141326083471,-0.20445371018525071,0.0,inflate,2.6813131325564844e-15,3.1699809871514794e-14,True
classification,pr_auc,torch_mlp,random_label_noise,0.01,81,0.00509212373170019,0.004199495129212472,0.012400967365572446,0.002391468616531079,0.007792778846869301,0.6296296296296297,degrade,0.00011740347394355031,0.00015530538285446027,True
classification,pr_auc,torch_mlp,random_label_noise,0.02,81,0.0070989863363516755,0.007417457494212298,0.014626389552176537,0.003913683722766563,0.010284288949936788,0.7654320987654321,degrade,1.3497898514837255e-05,1.9299122982916246e-05,True
classification,pr_auc,torch_mlp,random_label_noise,0.05,81,0.018471338048700076,0.017506015857224333,0.017530145303664507,0.01465366196034647,0.02228901413705368,0.8888888888888888,degrade,4.264663163995736e-12,1.1282888370886358e-11,True
classification,pr_auc,torch_mlp,random_label_noise,0.1,81,0.03495660309662772,0.03566471956287831,0.02572445679931186,0.02935438806033314,0.04055881813292231,0.9259259259259259,degrade,6.164918209182493e-14,3.7662045787005774e-13,True
classification,pr_auc,torch_mlp,random_label_noise,0.2,81,0.0621690036270298,0.06666888671601812,0.03235388733946738,0.05512304593976801,0.06921496131429158,0.9753086419753086,degrade,7.0368825182937566e-15,5.3736193776061414e-14,True
classification,pr_auc,torch_mlp,random_label_noise,0.5,81,0.15213136527554197,0.16272015945294788,0.07336099196418572,0.13615497147000818,0.16810775908107575,0.9506172839506173,degrade,4.8637624534407134e-15,3.985912644770926e-14,True
classification,pr_auc,torch_mlp,random_label_noise,1.0,81,0.2916553240320262,0.31377050582752036,0.14131063471227548,0.26088100802801956,0.32242964003603286,0.9506172839506173,degrade,4.193182068004856e-15,3.6125876278195683e-14,True
classification,roc_auc,lgbm,cliffs,0.01,81,5.784892445327414e-05,0.0,0.005025475404229543,-0.001036587941356715,0.0011522857902632635,0.3333333333333333,degrade,0.13330663974164458,0.13824392269503882,False
classification,roc_auc,lgbm,cliffs,0.02,81,0.0007639507166892198,0.0,0.005781373797798467,-0.000495104021498002,0.0020230054548764417,0.4691358024691358,degrade,0.007938268952296802,0.009165836316054039,True
classification,roc_auc,lgbm,cliffs,0.05,81,0.0008510177055800675,0.0,0.007110777681724143,-0.0006975516562176346,0.0023995870673777695,0.4567901234567901,degrade,0.1693255476097159,0.17240419392989256,False
classification,roc_auc,lgbm,cliffs,0.1,81,0.0012381162520244881,0.0008814450165662846,0.013361741630065609,-0.0016717741474120223,0.004148006651460999,0.5802469135802469,degrade,0.007208572048149464,0.008352000717855931,True
classification,roc_auc,lgbm,cliffs,0.2,81,0.0035016830610981454,0.000994631860536388,0.01245810801553616,0.0007885839821591594,0.0062147821400371315,0.5925925925925926,degrade,0.00892685088464648,0.010236934802871049,True
classification,roc_auc,lgbm,cliffs,0.5,81,0.009439502749919075,0.0018050132971199062,0.022441893762892223,0.004552156997111436,0.014326848502726714,0.7530864197530864,degrade,2.3005464693122826e-05,3.24783030961734e-05,True
classification,roc_auc,lgbm,cliffs,1.0,81,0.022670313713408368,0.007119517406057541,0.032530707617949246,0.015585848498832754,0.029754778927983984,0.8641975308641975,degrade,9.57855602253393e-11,2.1173650155075004e-10,True
classification,roc_auc,lgbm,conflicts,0.01,81,0.0009956351975990265,0.0011463401497335823,0.011295992657727825,-0.0014643809811950331,0.003455651376393086,0.6172839506172839,degrade,0.019481319014020785,0.0217465886668139,True
classification,roc_auc,lgbm,conflicts,0.02,81,0.0034623391818346208,0.003071064430931525,0.009820854857476939,0.0013235752350951985,0.005601103128574043,0.7530864197530864,degrade,3.433359986651431e-05,4.766979155020169e-05,True
classification,roc_auc,lgbm,conflicts,0.05,81,0.005428353178814202,0.005502791791593964,0.020015613708242754,0.001069397304574669,0.009787309053053734,0.7654320987654321,degrade,5.929571296352102e-05,8.001349219173921e-05,True
classification,roc_auc,lgbm,conflicts,0.1,81,0.015510810265468723,0.010898218993120268,0.021651097043793612,0.010795682464820336,0.02022593806611711,0.8888888888888888,degrade,1.4294930511076578e-09,2.744626658126703e-09,True
classification,roc_auc,lgbm,conflicts,0.2,81,0.023345390528619586,0.018981887945891396,0.023182059696232653,0.018296853083662253,0.02839392797357692,0.9012345679012346,degrade,3.86442875796437e-12,1.0387584501408226e-11,True
classification,roc_auc,lgbm,conflicts,0.5,81,0.05480745874712434,0.048934550989345516,0.037623058434767744,0.04661399268799714,0.06300092480625154,0.9506172839506173,degrade,4.317222300158492e-14,2.789589793948564e-13,True
classification,roc_auc,lgbm,conflicts,1.0,81,0.3303194321184751,0.38043183269476377,0.11725531037711114,0.3047838311919042,0.35585503304504595,1.0,degrade,2.656508844358384e-15,3.1699809871514794e-14,True
classification,roc_auc,lgbm,contamination,0.01,81,-0.014529592017984087,-0.0021984364462794836,0.0510288202140729,-0.02564253508682663,-0.0034166489491415444,0.24691358024691357,inflate,2.675166613208851e-06,3.994915475725218e-06,True
classification,roc_auc,lgbm,contamination,0.02,81,-0.01946556822724103,-0.002579583025188237,0.05764480337611172,-0.03201932540692758,-0.006911811047554478,0.16049382716049382,inflate,5.316875425667773e-10,1.0761868331472118e-09,True
classification,roc_auc,lgbm,contamination,0.05,81,-0.029927214385037954,-0.009224091155724312,0.06771381307476394,-0.04467377812131988,-0.015180650648756028,0.012345679012345678,inflate,3.1131076244576513e-15,3.1699809871514794e-14,True
classification,roc_auc,lgbm,contamination,0.1,81,-0.04128822070972158,-0.01666330712893893,0.07485048471625662,-0.05758899293681746,-0.024987448482625695,0.012345679012345678,inflate,2.8894048274683323e-15,3.1699809871514794e-14,True
classification,roc_auc,lgbm,contamination,0.2,81,-0.06170491694280778,-0.03500496524329688,0.08186801840242745,-0.07953395206155865,-0.04387588182405691,0.0,inflate,2.6813131325564844e-15,3.1699809871514794e-14,True
classification,roc_auc,lgbm,contamination,0.5,81,-0.11212814808132317,-0.08416087388282034,0.09602939486275193,-0.13304121629587803,-0.0912150798667683,0.0,inflate,2.6813131325564844e-15,3.1699809871514794e-14,True
classification,roc_auc,lgbm,contamination,1.0,81,-0.16496367008290913,-0.11956816730523623,0.11866921094095512,-0.19080718713227268,-0.13912015303354558,0.0,inflate,2.656508844358384e-15,3.1699809871514794e-14,True
classification,roc_auc,lgbm,random_label_noise,0.01,81,0.0017915296504353053,0.0013318483833553163,0.013737862730626786,-0.0012002715664567504,0.004783330867327361,0.6296296296296297,degrade,0.00633582316626104,0.007417549072695851,True
classification,roc_auc,lgbm,random_label_noise,0.02,81,0.0036671640458696446,0.002670973930755216,0.009142825071587677,0.0016760599191683284,0.00565826817257096,0.8271604938271605,degrade,1.6854867881236832e-07,2.8458470392440076e-07,True
classification,roc_auc,lgbm,random_label_noise,0.05,81,0.008124123831214896,0.006415209762065555,0.011159998023853736,0.005693724261575639,0.010554523400854153,0.8641975308641975,degrade,8.131469247854587e-10,1.6166708090409118e-09,True
classification,roc_auc,lgbm,random_label_noise,0.1,81,0.013764474228524313,0.011502752255655446,0.016743281546676248,0.010118159580581485,0.01741078887646714,0.9135802469135802,degrade,6.029688047657098e-11,1.36890215135999e-10,True
classification,roc_auc,lgbm,random_label_noise,0.2,81,0.027092081263255737,0.02258315569936653,0.028270904019217436,0.02093530661018172,0.033248855916329756,0.8888888888888888,degrade,4.553763476456984e-12,1.1860965334027493e-11,True
classification,roc_auc,lgbm,random_label_noise,0.5,81,0.09490749809164784,0.08762941238825483,0.049612606309137726,0.08410297493988006,0.10571202124341561,0.9753086419753086,degrade,4.3517616525892585e-15,3.6554797881749776e-14,True
classification,roc_auc,lgbm,random_label_noise,1.0,81,0.3348003705736513,0.3690331139151374,0.1317535145053446,0.30610738297026513,0.3634933581770375,0.9753086419753086,degrade,2.999332396873403e-15,3.1699809871514794e-14,True
classification,roc_auc,rf,cliffs,0.01,81,0.0008887671126279381,0.0,0.0056400616393938435,-0.0003395129777289434,0.0021170472029848194,0.3333333333333333,degrade,0.12881539274787174,0.13399991319902446,False
classification,roc_auc,rf,cliffs,0.02,81,0.001335863386325339,0.0,0.009976696619141441,-0.0008368394329543527,0.0035085662056050307,0.38271604938271603,degrade,0.3362619468469038,0.3382754914388014,False
classification,roc_auc,rf,cliffs,0.05,81,0.0018432200069173268,7.853451229444808e-05,0.01077611852405517,-0.0005035791383213551,0.004190019152156009,0.5185185185185185,degrade,0.025836336889485226,0.028462325229072247,True
classification,roc_auc,rf,cliffs,0.1,81,0.0013803794062198693,0.0,0.013705023290977107,-0.0016042701104818115,0.00436502892292155,0.48148148148148145,degrade,0.152223904662046,0.15593668282453493,False
classification,roc_auc,rf,cliffs,0.2,81,0.001399331382874904,0.00016484389960158552,0.020466373761709393,-0.003057790014119587,0.005856452779869395,0.5185185185185185,degrade,0.11392833229016841,0.11888173804191486,False
classification,roc_auc,rf,cliffs,0.5,81,0.0059804166381550485,0.0013292744799594525,0.02080113866009466,0.0014503908855122115,0.010510442390797885,0.7407407407407407,degrade,0.0004473665029890843,0.0005693755492588346,True
classification,roc_auc,rf,cliffs,1.0,81,0.01525228360118584,0.004669709600960692,0.03171692894644401,0.00834504129729359,0.02215952590507809,0.8271604938271605,degrade,4.952949962132443e-09,9.19442644904144e-09,True
classification,roc_auc,rf,conflicts,0.01,81,2.3383741580101444e-05,0.0004362735417152708,0.012426204066874117,-0.0026827673663169286,0.002729534849477131,0.5679012345679012,degrade,0.20431602202755778,0.20740236677117646,False
classification,roc_auc,rf,conflicts,0.02,81,0.00381918241542514,0.001857968225244977,0.020086197674892572,-0.0005551450782181311,0.00819350990906841,0.7283950617283951,degrade,0.00021622932573264582,0.0002805137198693784,True
classification,roc_auc,rf,conflicts,0.05,81,0.004341629262833938,0.0036481803982115757,0.018965776360100488,0.00021130463330094364,0.008471953892366933,0.7901234567901234,degrade,4.433992995370654e-05,6.0561855546526004e-05,True
classification,roc_auc,rf,conflicts,0.1,81,0.008800519059456854,0.005991455050863959,0.017300149338231315,0.005032930981353146,0.012568107137560562,0.8148148148148148,degrade,3.6962573275043444e-07,6.028846903113882e-07,True
classification,roc_auc,rf,conflicts,0.2,81,0.016359188572128345,0.014357452028167184,0.020365744977161798,0.011923981888213109,0.020794395256043582,0.9012345679012346,degrade,1.7093538896854395e-10,3.705438109253598e-10,True
classification,roc_auc,rf,conflicts,0.5,81,0.0377199441246457,0.036136868540519784,0.02930120471886503,0.03133879287475954,0.044101095374531864,0.9259259259259259,degrade,7.104791589814197e-14,4.262874953888518e-13,True
classification,roc_auc,rf,conflicts,1.0,81,0.32681516657309506,0.3624525230602279,0.11706209902185166,0.30132164278611406,0.35230869036007606,1.0,degrade,2.6813131325564844e-15,3.1699809871514794e-14,True
classification,roc_auc,rf,contamination,0.01,81,-0.012393515404402046,-0.002627754600919463,0.03762893474264747,-0.020588261192800827,-0.004198769616003264,0.16049382716049382,inflate,8.500730752371863e-10,1.6606078679052012e-09,True
classification,roc_auc,rf,contamination,0.02,81,-0.01868242607958636,-0.0051129442728499175,0.04367783393005273,-0.028194487691020065,-0.009170364468152656,0.08641975308641975,inflate,3.9935693072851294e-12,1.0649518152760345e-11,True
classification,roc_auc,rf,contamination,0.05,81,-0.02737577499286673,-0.011466408268733796,0.05080177934824134,-0.038439273606483734,-0.016312276379249726,0.04938271604938271,inflate,2.910149771520918e-14,1.9955312719000579e-13,True
classification,roc_auc,rf,contamination,0.1,81,-0.03929495770644208,-0.019818843325426272,0.058643549126141024,-0.052066219516135014,-0.02652369589674914,0.012345679012345678,inflate,4.076179440157623e-15,3.6125876278195683e-14,True
classification,roc_auc,rf,contamination,0.2,81,-0.06334846436518912,-0.0416205241786638,0.06568275821908298,-0.07765270948845608,-0.04904421924192216,0.0,inflate,2.6813131325564844e-15,3.1699809871514794e-14,True
classification,roc_auc,rf,contamination,0.5,81,-0.11881466743300834,-0.08865867824993479,0.08522050271669274,-0.13737379913575476,-0.10025553573026191,0.0,inflate,2.6813131325564844e-15,3.1699809871514794e-14,True
classification,roc_auc,rf,contamination,1.0,81,-0.16295045839352154,-0.12966337085371638,0.1042974541881406,-0.18566412619449438,-0.1402367905925487,0.0,inflate,2.6813131325564844e-15,3.1699809871514794e-14,True
classification,roc_auc,rf,random_label_noise,0.01,81,0.0005657796036982143,0.0011695906432749315,0.01565915333179455,-0.0028444360107814873,0.003975995218177916,0.6790123456790124,degrade,0.0010680247171362476,0.0013193246505800707,True
classification,roc_auc,rf,random_label_noise,0.02,81,0.0013579203075964725,0.0013586324399428307,0.016754364476823488,-0.002290807956245087,0.005006648571438032,0.6296296296296297,degrade,0.006502756848468737,0.00758654965654686,True
classification,roc_auc,rf,random_label_noise,0.05,81,0.004089673443128513,0.004273758223558133,0.017700525943342725,0.0002348922376894315,0.007944454648567596,0.8395061728395061,degrade,9.02098744778961e-07,1.4097915267243299e-06,True
classification,roc_auc,rf,random_label_noise,0.1,81,0.00811812776114317,0.008652618135376766,0.018839726606072072,0.004015253966931919,0.012221001555354421,0.8518518518518519,degrade,4.198257920746751e-10,8.654077677122137e-10,True
classification,roc_auc,rf,random_label_noise,0.2,81,0.01956396616078858,0.01965564911398765,0.018817281603539408,0.015465980389351108,0.02366195193222605,0.9135802469135802,degrade,3.1712570350129347e-12,8.695656660853362e-12,True
classification,roc_auc,rf,random_label_noise,0.5,81,0.08450535513639168,0.08231752902206746,0.04058960585901387,0.07566584097153978,0.09334486930124358,0.9629629629629629,degrade,3.613793879617921e-15,3.3728742876433924e-14,True
classification,roc_auc,rf,random_label_noise,1.0,81,0.3390804470954116,0.3584523068655976,0.11228790877921027,0.3146266358501613,0.36353425834066183,1.0,degrade,2.6813131325564844e-15,3.1699809871514794e-14,True
classification,roc_auc,torch_mlp,cliffs,0.01,81,-0.0006646552302019531,0.0,0.007624162837776043,-0.0023250284704287357,0.0009957180100248297,0.2962962962962963,degrade,0.39525479014732323,0.3964346551925391,False
classification,roc_auc,torch_mlp,cliffs,0.02,81,0.0010783257071962514,0.0,0.007909750515052952,-0.0006442421827486137,0.0028008935971411165,0.43209876543209874,degrade,0.028579698337337194,0.03127940925519641,True
classification,roc_auc,torch_mlp,cliffs,0.05,81,0.0011363839508254535,0.0004547796129946713,0.011667442014040266,-0.0014045256433433155,0.0036772935449942224,0.5061728395061729,degrade,0.025313191076449266,0.02797773750554919,True
classification,roc_auc,torch_mlp,cliffs,0.1,81,0.0032509523295446313,0.0007382798080475261,0.013196834004718905,0.0003769751462947362,0.006124929512794527,0.5061728395061729,degrade,0.019993662691867465,0.022244604849230028,True
classification,roc_auc,torch_mlp,cliffs,0.2,81,0.005750944505101502,0.003074474480243561,0.01553598620297282,0.002367551954231866,0.009134337055971138,0.6666666666666666,degrade,0.00025014263767199265,0.00032326125483765205,True
classification,roc_auc,torch_mlp,cliffs,0.5,81,0.017208731978394076,0.00882577927386563,0.029184112425705424,0.010853080827907115,0.023564383128881036,0.7407407407407407,degrade,2.8288647398185193e-07,4.6822588796996185e-07,True
classification,roc_auc,torch_mlp,cliffs,1.0,81,0.031415306611397534,0.014261868386804544,0.0425396943524263,0.022151106507980252,0.040679506714814816,0.8518518518518519,degrade,1.4610206328373673e-11,3.557267627777938e-11,True
classification,roc_auc,torch_mlp,conflicts,0.01,81,0.00700756765181875,0.006000643990101806,0.011873965947291542,0.0044216817344085915,0.009593453569228909,0.7654320987654321,degrade,7.929615231996029e-07,1.2627254587443912e-06,True
classification,roc_auc,torch_mlp,conflicts,0.02,81,0.011780049378947463,0.012205945498320658,0.013358238419980193,0.008870921900818443,0.014689176857076483,0.8148148148148148,degrade,7.604136990787512e-11,1.6920463767580157e-10,True
classification,roc_auc,torch_mlp,conflicts,0.05,81,0.018504776991731437,0.017938547117764214,0.016794015676222473,0.014847413577798544,0.022162140405664332,0.8888888888888888,degrade,7.775539716792637e-13,2.3536768872453386e-12,True
classification,roc_auc,torch_mlp,conflicts,0.1,81,0.02688628039527766,0.026032701490879884,0.022397051747176808,0.0220087002370036,0.03176386055355172,0.9259259259259259,degrade,2.9196416773426482e-12,8.243694147791006e-12,True
classification,roc_auc,torch_mlp,conflicts,0.2,81,0.04460771882679499,0.045456399269152126,0.029986383175117454,0.038077350935324966,0.051138086718265016,0.9629629629629629,degrade,1.6523977757806283e-13,7.345918745089036e-13,True
classification,roc_auc,torch_mlp,conflicts,0.5,81,0.09987412333815322,0.10413562433592971,0.042788128026357335,0.09055581990130207,0.10919242677500438,0.9876543209876543,degrade,2.783445398343066e-15,3.1699809871514794e-14,True
classification,roc_auc,torch_mlp,conflicts,1.0,81,0.29294704703606633,0.3035909470841638,0.11163378616593642,0.2686356891599291,0.3172584049122036,0.9753086419753086,degrade,3.1133741838094886e-15,3.1699809871514794e-14,True
classification,roc_auc,torch_mlp,contamination,0.01,81,-0.011239365987335251,-0.004385964912280826,0.03343149161245766,-0.018520001938492698,-0.003958730036177805,0.2839506172839506,inflate,1.9746932714553325e-06,3.0022485937058446e-06,True
classification,roc_auc,torch_mlp,contamination,0.02,81,-0.01504802583986784,-0.0041658267822346495,0.04794849149575059,-0.025490141765609077,-0.004605909914126601,0.25925925925925924,inflate,6.722831711576267e-07,1.0756530738522027e-06,True
classification,roc_auc,torch_mlp,contamination,0.05,81,-0.029787893782249934,-0.014781966001478408,0.06174021538468888,-0.04323354068824885,-0.01634224687625102,0.08641975308641975,inflate,4.5472028115426874e-14,2.882754989959138e-13,True
classification,roc_auc,torch_mlp,contamination,0.1,81,-0.04377303576003652,-0.02666905494024341,0.07114239919232557,-0.059266269361920754,-0.02827980215815229,0.012345679012345678,inflate,2.8894048274683323e-15,3.1699809871514794e-14,True
classification,roc_auc,torch_mlp,contamination,0.2,81,-0.07102203825167563,-0.04488342404085188,0.0802448506261302,-0.088497583499144,-0.05354649300420728,0.012345679012345678,inflate,2.783445398343066e-15,3.1699809871514794e-14,True
classification,roc_auc,torch_mlp,contamination,0.5,81,-0.13856466021897246,-0.10526315789473684,0.09461249719268182,-0.15916915960760095,-0.11796016083034397,0.0,inflate,2.6813131325564844e-15,3.1699809871514794e-14,True
classification,roc_auc,torch_mlp,contamination,1.0,81,-0.2028019027189838,-0.17064568638090072,0.11013153754252819,-0.2267861042282455,-0.1788177012097221,0.0,inflate,2.6813131325564844e-15,3.1699809871514794e-14,True
classification,roc_auc,torch_mlp,random_label_noise,0.01,81,0.003354610349063034,0.0017072720561089882,0.0116521136403912,0.0008170389340445062,0.005892181764081562,0.6419753086419753,degrade,0.001219583029155224,0.0015010252666525833,True
classification,roc_auc,torch_mlp,random_label_noise,0.02,81,0.0054548058175953726,0.007181368817157474,0.012593039234257499,0.002712321717690406,0.00819728991750034,0.7283950617283951,degrade,4.752360889809212e-06,7.003479206034629e-06,True
classification,roc_auc,torch_mlp,random_label_noise,0.05,81,0.015995400026277556,0.015949572040718563,0.018447023387749287,0.011978048266278823,0.02001275178627629,0.8641975308641975,degrade,4.021823074832185e-11,9.319534849266305e-11,True
classification,roc_auc,torch_mlp,random_label_noise,0.1,81,0.028016107384062225,0.02822349317005257,0.0197614905911107,0.02371249387755367,0.03231972089057078,0.9382716049382716,degrade,2.1033774235412372e-14,1.472364196478866e-13,True
classification,roc_auc,torch_mlp,random_label_noise,0.2,81,0.05677202805228787,0.05848532910388582,0.02818650288728429,0.05063363409016818,0.06291042201440757,0.9629629629629629,degrade,5.237569360027381e-15,4.190055488021905e-14,True
classification,roc_auc,torch_mlp,random_label_noise,0.5,81,0.1452266388028912,0.15338458965937263,0.0602087729258427,0.13211450603237435,0.15833877157340803,0.9876543209876543,degrade,2.999332396873403e-15,3.1699809871514794e-14,True
classification,roc_auc,torch_mlp,random_label_noise,1.0,81,0.3138926391206713,0.3456567864720633,0.11962517243297885,0.2878409349019337,0.33994434333940887,0.9876543209876543,degrade,2.999332396873403e-15,3.1699809871514794e-14,True
regression,mae,lgbm,cliffs,0.01,42,0.017638442181440624,0.0,0.08617688867240633,-0.00842442773702597,0.043701312099907214,0.47619047619047616,degrade,0.026460133198754714,0.02905426390451498,True
regression,mae,lgbm,cliffs,0.02,42,0.03288118324998574,0.0017128427301196791,0.15758497068820315,-0.01477795895651516,0.08054032545648665,0.5476190476190477,degrade,0.014342963036910888,0.016171931477859256,True
regression,mae,lgbm,cliffs,0.05,42,0.12786299217073915,0.019688372293194367,0.24658466328487214,0.05328726656624393,0.20243871777523437,0.7619047619047619,degrade,0.0001079649048630697,0.00014395320648409292,True
regression,mae,lgbm,cliffs,0.1,42,0.24962344762406374,0.03741187261781631,0.396569147605389,0.129687229608503,0.3695596656396245,0.7857142857142857,degrade,1.4035859431947343e-06,2.1633251234561042e-06,True
regression,mae,lgbm,cliffs,0.2,42,0.41946546018586983,0.11282229848001912,0.6462063593635715,0.22403032039332108,0.6149005999784186,0.9285714285714286,degrade,6.980371836107224e-11,1.563603291288018e-10,True
regression,mae,lgbm,cliffs,0.5,42,1.1064788826732708,0.4435237299015395,1.4817574209586066,0.6583442202584696,1.5546135450880718,0.9047619047619048,degrade,1.0163603292312473e-10,2.232006997527445e-10,True
regression,mae,lgbm,cliffs,1.0,42,2.2953212090870596,0.6869107114372308,2.9596096529618108,1.4002329483840423,3.190409469790077,0.9285714285714286,degrade,7.503331289626658e-12,1.8814323233690726e-11,True
regression,mae,lgbm,conflicts,0.01,42,0.11167763501847341,0.017390558802302114,0.32684144241844176,0.012829485254122266,0.21052578478282458,0.8571428571428571,degrade,9.731220416142605e-07,1.5137453980666276e-06,True
regression,mae,lgbm,conflicts,0.02,42,0.3529267275622301,0.026332052310178045,0.9072070025315084,0.07855597154685784,0.6272974835776024,0.7857142857142857,degrade,2.563494717833237e-06,3.845242076749855e-06,True
regression,mae,lgbm,conflicts,0.05,42,0.5171053929298605,0.07952772129025232,1.0213093592018907,0.20822614020378166,0.8259846456559392,0.9523809523809523,degrade,1.5916157281026244e-12,4.570793885833178e-12,True
regression,mae,lgbm,conflicts,0.1,42,1.2586922973512378,0.1675195976232226,2.35110232626906,0.547637685859151,1.9697469088433246,0.9523809523809523,degrade,1.5916157281026244e-12,4.570793885833178e-12,True
regression,mae,lgbm,conflicts,0.2,42,2.3272275190556124,0.3595767350833521,5.003360829590789,0.8140382583886714,3.8404167797225535,0.9761904761904762,degrade,4.547473508864641e-13,1.401789999062862e-12,True
regression,mae,lgbm,conflicts,0.5,42,4.098873889370595,0.7092378834318653,6.979094233768355,1.988154554226306,6.209593224514885,1.0,degrade,2.2737367544323206e-13,7.345918745089036e-13,True
regression,mae,lgbm,conflicts,1.0,42,6.852217144406241,1.2281914936974307,11.155320071731394,3.478462760749907,10.225971528062576,1.0,degrade,2.2737367544323206e-13,7.345918745089036e-13,True
regression,mae,lgbm,contamination,0.01,42,-0.09328965132155806,-0.007280243011687615,0.27061379984147166,-0.17513261841011785,-0.011446684232998286,0.30952380952380953,inflate,0.001977460582565982,0.0023986525478056674,True
regression,mae,lgbm,contamination,0.02,42,-0.18450224103336654,-0.01999927383817135,0.38955070267517167,-0.30231583870298356,-0.06668864336374952,0.047619047619047616,inflate,2.000888343900442e-11,4.802132025361061e-11,True
regression,mae,lgbm,contamination,0.05,42,-0.23356527802118685,-0.04539598834287295,0.5105920424277208,-0.38798596073793123,-0.07914459530444246,0.047619047619047616,inflate,1.3046701496932656e-09,2.5193630476835473e-09,True
regression,mae,lgbm,contamination,0.1,42,-0.5790148040499378,-0.10111604805176522,0.8941050299128057,-0.8494230706636023,-0.3086065374362732,0.0,inflate,2.2737367544323206e-13,7.345918745089036e-13,True
regression,mae,lgbm,contamination,0.2,42,-1.1758678925000303,-0.17501290579118955,1.9527906298668134,-1.7664592789875746,-0.585276506012486,0.0,inflate,2.2737367544323206e-13,7.345918745089036e-13,True
regression,mae,lgbm,contamination,0.5,42,-2.7718233873388463,-0.35901302282698727,4.324984350907843,-4.079848152141105,-1.4637986225365869,0.0,inflate,2.2737367544323206e-13,7.345918745089036e-13,True
regression,mae,lgbm,contamination,1.0,42,-5.344715227089989,-0.6915468494768904,8.338931204991178,-7.866696266355772,-2.822734187824207,0.0,inflate,2.2737367544323206e-13,7.345918745089036e-13,True
regression,mae,lgbm,random_label_noise,0.01,42,0.01894247063160816,0.004807440720570377,0.4155694214283245,-0.1067400869500615,0.14462502821327783,0.6428571428571429,degrade,0.14844280326360604,0.15299626348641604,False
regression,mae,lgbm,random_label_noise,0.02,42,0.03979839033366676,0.012031676988639939,0.16897005449218847,-0.011303994751120157,0.09090077541845368,0.7380952380952381,degrade,0.0034056324986977415,0.004057774892065394,True
regression,mae,lgbm,random_label_noise,0.05,42,0.158608680053749,0.028236495254144123,0.39081541477343235,0.04041258972967354,0.27680477037782447,0.8809523809523809,degrade,3.487190497253323e-06,5.184495606535914e-06,True
regression,mae,lgbm,random_label_noise,0.1,42,0.23405007186450144,0.05166854914271521,0.894075246845938,-0.03634918732026299,0.5044493310492659,0.7857142857142857,degrade,0.00021267482361508883,0.00027697186331267383,True
regression,mae,lgbm,random_label_noise,0.2,42,0.6226690714974287,0.16030005438659006,1.0964039288261522,0.29107862520365907,0.9542595177911983,0.8809523809523809,degrade,5.752553988713771e-11,1.3148694831345764e-10,True
regression,mae,lgbm,random_label_noise,0.5,42,1.1043536167190375,0.44151061792242413,1.8976324769201773,0.5304439622751725,1.6782632711629026,0.9761904761904762,degrade,1.724401954561472e-09,3.2734409984895737e-09,True
regression,mae,lgbm,random_label_noise,1.0,42,2.7345763226509825,1.2865992878369719,3.2897312354749446,1.7396478844379004,3.7295047608640646,1.0,degrade,2.2737367544323206e-13,7.345918745089036e-13,True
regression,mae,rf,cliffs,0.01,42,0.022854762724141248,1.887379141862766e-15,0.09774878501663181,-0.006707848642128374,0.05241737409041087,0.5476190476190477,degrade,0.01083617230346554,0.012384196918246331,True
regression,mae,rf,cliffs,0.02,42,0.022317013295991006,0.00210420085699925,0.13439409586587128,-0.018328406750180708,0.06296243334216273,0.5476190476190477,degrade,0.0066675124712487896,0.007751848409479562,True
regression,mae,rf,cliffs,0.05,42,0.08454215503606514,0.014805555213878108,0.17922115238530684,0.030339483609711115,0.13874482646241917,0.6666666666666666,degrade,0.0002513445887709821,0.00032357004531436773,True
regression,mae,rf,cliffs,0.1,42,0.2064463252990024,0.02260786007615212,0.43857843624444764,0.07380504630904053,0.33908760428896423,0.7619047619047619,degrade,1.2326903353923085e-05,1.7852756581543778e-05,True
regression,mae,rf,cliffs,0.2,42,0.3068650474581388,0.09606081738370364,0.5653285250671481,0.1358901603740396,0.47783993454223805,0.9047619047619048,degrade,7.38784819986904e-08,1.2795448428639162e-07,True
regression,mae,rf,cliffs,0.5,42,0.7309480102386997,0.23685924867768027,0.9684177942594668,0.4380649949971139,1.0238310254802856,0.8809523809523809,degrade,1.501121005276218e-09,2.8657764646182345e-09,True
regression,mae,rf,cliffs,1.0,42,1.365050978054705,0.5179929038845612,1.728785909849478,0.8422063618309117,1.8878955942784985,0.9761904761904762,degrade,4.547473508864641e-13,1.401789999062862e-12,True
regression,mae,rf,conflicts,0.01,42,0.08685448463924594,0.011131644286690223,0.2184494514952078,0.02078781959958549,0.1529211496789064,0.7380952380952381,degrade,0.0007978300284321449,0.0009928551464933359,True
regression,mae,rf,conflicts,0.02,42,0.2724759522523673,0.01911114941115083,0.7136113260111783,0.05665522063051334,0.4882966838742213,0.8333333333333334,degrade,1.4695599475089693e-06,2.2444188289227896e-06,True
regression,mae,rf,conflicts,0.05,42,0.40535048631435505,0.03467858933684248,1.0355037737394628,0.09217835198903623,0.7185226206396739,0.9047619047619048,degrade,1.4695599475089693e-06,2.2444188289227896e-06,True
regression,mae,rf,conflicts,0.1,42,0.815928839480113,0.16236343679028886,1.8406000468483052,0.2592677632687225,1.3725899156915036,0.9761904761904762,degrade,3.183231456205249e-12,8.695656660853362e-12,True
regression,mae,rf,conflicts,0.2,42,1.257306621317834,0.22430022537601862,2.6071077875328323,0.46882710927382953,2.0457861333618386,0.9761904761904762,degrade,1.7325874068774283e-10,3.7079577624892733e-10,True
regression,mae,rf,conflicts,0.5,42,2.5879045708469,0.5053983324625146,4.389226022830294,1.260450903882433,3.915358237811367,1.0,degrade,2.2737367544323206e-13,7.345918745089036e-13,True
regression,mae,rf,conflicts,1.0,42,5.106885514586483,0.9965207985202453,8.305632344097585,2.5949752018608745,7.618795827312091,1.0,degrade,2.2737367544323206e-13,7.345918745089036e-13,True
regression,mae,rf,contamination,0.01,42,-0.07700226855501631,-0.012357133304117085,0.18279947554905132,-0.1322871485941393,-0.02171738851589334,0.11904761904761904,inflate,4.372095872895443e-06,6.4714723052549286e-06,True
regression,mae,rf,contamination,0.02,42,-0.10726394934262842,-0.014251772369203719,0.2506354548443028,-0.18306477433405555,-0.0314631243512013,0.047619047619047616,inflate,2.86252088699257e-08,5.088926021320125e-08,True
regression,mae,rf,contamination,0.05,42,-0.25424980110452244,-0.056055287009479815,0.40765458216906336,-0.37753863771044577,-0.13096096449859912,0.0,inflate,2.2737367544323206e-13,7.345918745089036e-13,True
regression,mae,rf,contamination,0.1,42,-0.4342686108866057,-0.08588767466173353,0.6887289005420417,-0.6425640369625227,-0.2259731848106886,0.0,inflate,2.2737367544323206e-13,7.345918745089036e-13,True
regression,mae,rf,contamination,0.2,42,-0.987743606647849,-0.17673018454165834,1.473311202979113,-1.433323840794308,-0.5421633725013899,0.0,inflate,2.2737367544323206e-13,7.345918745089036e-13,True
regression,mae,rf,contamination,0.5,42,-2.4900861525569895,-0.4304534499672045,3.7170547846517383,-3.614252002875185,-1.3659203022387942,0.0,inflate,2.2737367544323206e-13,7.345918745089036e-13,True
regression,mae,rf,contamination,1.0,42,-4.858826337223957,-0.8242045126519415,7.247063510255541,-7.050588844184072,-2.6670638302638414,0.0,inflate,2.2737367544323206e-13,7.345918745089036e-13,True
regression,mae,rf,random_label_noise,0.01,42,0.02633429150487665,0.002393989947785502,0.14095759401427804,-0.0162961572547626,0.0689647402645159,0.5476190476190477,degrade,0.15730251996342304,0.16064938209030438,False
regression,mae,rf,random_label_noise,0.02,42,0.028916454969175054,0.010429960479602207,0.06994921681111776,0.007761393946061967,0.05007151599228814,0.7142857142857143,degrade,0.0038418732417540014,0.0045453148212300865,True
regression,mae,rf,random_label_noise,0.05,42,0.19742302566519135,0.03727867310058325,0.4327069699735069,0.06655748102822884,0.32828857030215386,0.9285714285714286,degrade,1.0281837603542954e-08,1.8573642122529205e-08,True
regression,mae,rf,random_label_noise,0.1,42,0.13877473868516146,0.034800214378002736,0.41731971006486107,0.01256283331945618,0.26498664405086675,0.8571428571428571,degrade,1.2810425914722146e-05,1.847340389419159e-05,True
regression,mae,rf,random_label_noise,0.2,42,0.42585953926395215,0.14439190487067766,0.720099816243433,0.20807646391519305,0.6436426146127112,0.9285714285714286,degrade,4.354205884737894e-09,8.173257973586215e-09,True
regression,mae,rf,random_label_noise,0.5,42,1.1706448176349444,0.43838548152579254,1.488814686675261,0.7203757941265047,1.620913841143384,1.0,degrade,2.2737367544323206e-13,7.345918745089036e-13,True
regression,mae,rf,random_label_noise,1.0,42,2.500837129257632,1.0381962711200274,2.8784631882038667,1.6302903644000886,3.3713838941151755,1.0,degrade,2.2737367544323206e-13,7.345918745089036e-13,True
regression,mae,torch_mlp,cliffs,0.01,42,0.23841684337115907,0.0016248744322790443,0.8836079147094732,-0.028816732762513536,0.5056504195048317,0.5238095238095238,degrade,0.0005643451728396865,0.0007128570604290777,True
regression,mae,torch_mlp,cliffs,0.02,42,0.11899230751538672,0.020926208168977833,0.2259650323545541,0.05065267104085036,0.1873319439899231,0.6428571428571429,degrade,4.651655629035253e-05,6.327758264598563e-05,True
regression,mae,torch_mlp,cliffs,0.05,42,0.5411702543309898,0.07845745404438076,1.0813862062347852,0.21412168645033286,0.8682188222116467,0.8095238095238095,degrade,2.0455816892398475e-06,3.0960155296603096e-06,True
regression,mae,torch_mlp,cliffs,0.1,42,1.2284493045841234,0.21699795512425613,2.3731412479339595,0.510729361384842,1.9461692477834047,0.8571428571428571,degrade,2.934977308121968e-07,4.834080272200889e-07,True
regression,mae,torch_mlp,cliffs,0.2,42,2.145919806932383,0.40569697851675957,3.292349266569266,1.1501995856217098,3.1416400282430557,0.9523809523809523,degrade,1.7325874068774283e-10,3.7079577624892733e-10,True
regression,mae,torch_mlp,cliffs,0.5,42,4.209753972226841,0.8778068608962171,6.3175248701392395,2.2991160804014656,6.120391864052217,0.9523809523809523,degrade,3.183231456205249e-12,8.695656660853362e-12,True
regression,mae,torch_mlp,cliffs,1.0,42,7.217067139296735,1.286889006338105,10.45992472211415,4.053624346348642,10.380509932244827,0.9761904761904762,degrade,1.1368683772161603e-12,3.410605131648481e-12,True
regression,mae,torch_mlp,conflicts,0.01,42,0.6191771444690015,0.036231211248931694,1.697532934181586,0.10578450837521358,1.1325697805627895,0.7857142857142857,degrade,3.675433686112228e-05,5.040594769525342e-05,True
regression,mae,torch_mlp,conflicts,0.02,42,1.4939483604504733,0.07744446234277091,3.4461151657732447,0.4517240161598699,2.5361727047410767,0.8571428571428571,degrade,8.947235983214341e-07,1.4047996683925322e-06,True
regression,mae,torch_mlp,conflicts,0.05,42,2.3891823246430524,0.18717998909802802,4.78606959181911,0.941709445151047,3.8366552041350577,0.9761904761904762,degrade,4.547473508864641e-13,1.401789999062862e-12,True
regression,mae,torch_mlp,conflicts,0.1,42,3.3754560103314346,0.3542725324078866,6.339259304145073,1.4582448743918637,5.292667146271006,1.0,degrade,2.2737367544323206e-13,7.345918745089036e-13,True
regression,mae,torch_mlp,conflicts,0.2,42,4.976180173313653,0.6829961855424983,8.522773716529072,2.398598803872217,7.553761542755089,1.0,degrade,2.2737367544323206e-13,7.345918745089036e-13,True
regression,mae,torch_mlp,conflicts,0.5,42,8.199811358917751,1.1824054272728353,12.784842030686203,4.333233208938522,12.066389508896979,1.0,degrade,2.2737367544323206e-13,7.345918745089036e-13,True
regression,mae,torch_mlp,conflicts,1.0,42,11.33648446741537,1.7505025789450477,17.56598322327357,6.023923956226498,16.649044978604245,1.0,degrade,2.2737367544323206e-13,7.345918745089036e-13,True
regression,mae,torch_mlp,contamination,0.01,42,-0.11354282759277118,-0.022894202171218847,0.28246782005549015,-0.1989708601392321,-0.028114795046310245,0.23809523809523808,inflate,0.00013664544280800328,0.00018005046581760434,True
regression,mae,torch_mlp,contamination,0.02,42,-0.19913633953843182,-0.03888913484478895,0.5102825060668186,-0.35346340776022855,-0.04480927131663512,0.09523809523809523,inflate,8.222048109018942e-07,1.3031170587879078e-06,True
regression,mae,torch_mlp,contamination,0.05,42,-0.4783898897952413,-0.12333018274122098,0.7659986943595225,-0.7100543724235165,-0.24672540716696603,0.0,inflate,2.2737367544323206e-13,7.345918745089036e-13,True
regression,mae,torch_mlp,contamination,0.1,42,-0.8181934476685173,-0.16591472060594237,1.1856141182823876,-1.1767641388866328,-0.45962275645040174,0.0,inflate,2.2737367544323206e-13,7.345918745089036e-13,True
regression,mae,torch_mlp,contamination,0.2,42,-1.7469349791641986,-0.3192321546705911,2.533657084736296,-2.513200459790995,-0.980669498537402,0.0,inflate,2.2737367544323206e-13,7.345918745089036e-13,True
regression,mae,torch_mlp,contamination,0.5,42,-4.447547833264475,-0.7156877841220962,6.516251544047114,-6.418287540451038,-2.476808126077913,0.0,inflate,2.2737367544323206e-13,7.345918745089036e-13,True
regression,mae,torch_mlp,contamination,1.0,42,-8.593489868777656,-1.388760581799298,12.597516357627159,-12.403414260138533,-4.783565477416779,0.0,inflate,2.2737367544323206e-13,7.345918745089036e-13,True
regression,mae,torch_mlp,random_label_noise,0.01,42,0.08592007483177297,0.017575611351933584,0.44682120929189034,-0.049214103646816304,0.22105425331036224,0.7857142857142857,degrade,0.010880868038839253,0.012393124274745726,True
regression,mae,torch_mlp,random_label_noise,0.02,42,0.12032494296329692,0.045279606397304994,0.28164773280656086,0.03514493314798711,0.20550495277860673,0.8571428571428571,degrade,1.1957203014389961e-05,1.7392295293658126e-05,True
regression,mae,torch_mlp,random_label_noise,0.05,42,0.47289497511684636,0.11427318681565579,0.9552644025337305,0.1839900001922843,0.7617999500414084,0.9285714285714286,degrade,9.127461453317665e-09,1.6667538306058344e-08,True
regression,mae,torch_mlp,random_label_noise,0.1,42,0.48515100663459726,0.1697677200168638,1.0721414598268646,0.16089836962091297,0.8094036436482815,0.9047619047619048,degrade,1.788739609764889e-07,2.990131884980113e-07,True
regression,mae,torch_mlp,random_label_noise,0.2,42,0.985196606893451,0.34517619753660456,1.4693119557253969,0.540825883354199,1.429567330432703,0.9285714285714286,degrade,3.9540282159578055e-10,8.200947410875448e-10,True
regression,mae,torch_mlp,random_label_noise,0.5,42,2.3667064397835835,0.7325808879054405,3.209006004975281,1.3961921016159193,3.3372207779512477,1.0,degrade,2.2737367544323206e-13,7.345918745089036e-13,True
regression,mae,torch_mlp,random_label_noise,1.0,42,4.307642384401983,1.431383951807264,5.460801619112441,2.656107217119351,5.959177551684615,1.0,degrade,2.2737367544323206e-13,7.345918745089036e-13,True
regression,rmse,lgbm,cliffs,0.01,42,0.02605401068213408,0.0,0.1133302737583947,-0.008220981468226786,0.06032900283249495,0.40476190476190477,degrade,0.0824077352269923,0.08652812198834191,False
regression,rmse,lgbm,cliffs,0.02,42,0.02737508327312923,0.0,0.21755798965579662,-0.038421972892089575,0.09317213943834804,0.47619047619047616,degrade,0.13906305129126412,0.1437698007195838,False
regression,rmse,lgbm,cliffs,0.05,42,0.10502130074222112,0.013571114622842217,0.3433016973322004,0.0011950009280009971,0.20884760055644125,0.6428571428571429,degrade,0.012698275850315723,0.01441425907333136,True
regression,rmse,lgbm,cliffs,0.1,42,0.07274503461276936,0.02544076967787473,0.5217200182415908,-0.08504113263887449,0.23053120186441323,0.6428571428571429,degrade,0.008405460284887221,0.009672036492198995,True
regression,rmse,lgbm,cliffs,0.2,42,0.3105448057096088,0.08739608678607624,0.5769562181413849,0.1360533023178855,0.4850363091013321,0.8809523809523809,degrade,1.0281837603542954e-08,1.8573642122529205e-08,True
regression,rmse,lgbm,cliffs,0.5,42,0.8417760943402237,0.3425094939620157,1.034716610523524,0.52884202538043,1.1547101633000174,0.9047619047619048,degrade,2.0554580260068178e-10,4.371100612267663e-10,True
regression,rmse,lgbm,cliffs,1.0,42,2.0921627027776473,0.922336804744723,2.5978410501824207,1.306485772421762,2.8778396331335325,0.9285714285714286,degrade,9.777068044058979e-12,2.4155109285322182e-11,True
regression,rmse,lgbm,conflicts,0.01,42,0.09156722044882949,0.01184223579492577,0.49126243470863856,-0.05700752074788022,0.2401419616455392,0.7380952380952381,degrade,0.013346739031931065,0.015099341127033124,True
regression,rmse,lgbm,conflicts,0.02,42,0.1314416061941609,0.019873509647143017,0.5469549010877008,-0.03397646189723216,0.29685967428555393,0.6428571428571429,degrade,0.034766786181762654,0.03768271018410404,True
regression,rmse,lgbm,conflicts,0.05,42,0.3954166761525735,0.05586124437769302,1.1942910396579558,0.03422178398466652,0.7566115683204804,0.8333333333333334,degrade,2.194341800532129e-05,3.110965590627829e-05,True
regression,rmse,lgbm,conflicts,0.1,42,0.8758252565171105,0.1294156723427926,1.7697451351377722,0.3405931547725989,1.4110573582616222,0.9523809523809523,degrade,3.115019353572279e-11,7.319206313288712e-11,True
regression,rmse,lgbm,conflicts,0.2,42,1.46139426836408,0.29164956025087463,3.3736164339718813,0.44109604655598567,2.481692490172174,0.9761904761904762,degrade,4.547473508864641e-13,1.401789999062862e-12,True
regression,rmse,lgbm,conflicts,0.5,42,3.052779509391748,0.7244717617467241,4.554721041665751,1.675274428242914,4.430284590540582,1.0,degrade,2.2737367544323206e-13,7.345918745089036e-13,True
regression,rmse,lgbm,conflicts,1.0,42,5.216664448673675,1.1807984835432426,7.685207722943699,2.892391986936359,7.540936910410991,1.0,degrade,2.2737367544323206e-13,7.345918745089036e-13,True
regression,rmse,lgbm,contamination,0.01,42,-0.1742518495758215,-0.006287052726881015,0.37701859832123796,-0.28827530570502097,-0.060228393446621994,0.2619047619047619,inflate,5.0191078798889066e-05,6.800081643720454e-05,True
regression,rmse,lgbm,contamination,0.02,42,-0.26792735336769685,-0.011265114085236339,0.6082777776487351,-0.4518915790131416,-0.08396312772225209,0.14285714285714285,inflate,2.3432828129443806e-05,3.286557429624558e-05,True
regression,rmse,lgbm,contamination,0.05,42,-0.19568365631904486,-0.04939277282844212,0.49947760937660507,-0.3467429503004648,-0.0446243623376249,0.09523809523809523,inflate,1.2480818440963048e-06,1.932513823116859e-06,True
regression,rmse,lgbm,contamination,0.1,42,-0.5393271085509508,-0.08556442837111305,1.013800750004228,-0.8459354983136287,-0.23271871878827283,0.047619047619047616,inflate,8.469669410260394e-10,1.6606078679052012e-09,True
regression,rmse,lgbm,contamination,0.2,42,-1.29178989342487,-0.19009670151328295,2.4206306217900386,-2.0238722647923977,-0.559707522057342,0.023809523809523808,inflate,8.469669410260394e-10,1.6606078679052012e-09,True
regression,rmse,lgbm,contamination,0.5,42,-4.731824751261214,-0.3678117694041355,9.592800519756477,-7.6330192124655944,-1.830630290056833,0.0,inflate,2.2737367544323206e-13,7.345918745089036e-13,True
regression,rmse,lgbm,contamination,1.0,42,-10.271588894428092,-0.9546580150954553,18.582603497374514,-15.891610516925951,-4.651567271930234,0.0,inflate,2.2737367544323206e-13,7.345918745089036e-13,True
regression,rmse,lgbm,random_label_noise,0.01,42,-0.028246355910273427,8.581997943551967e-05,0.4795839126641324,-0.17328910836179917,0.11679639654125233,0.5,degrade,0.775214709993179,0.775214709993179,False
regression,rmse,lgbm,random_label_noise,0.02,42,0.01691096465849345,0.01018740554365316,0.24518137395600567,-0.057240357746957876,0.09106228706394479,0.6904761904761905,degrade,0.059409131525626435,0.06336974029400153,False
regression,rmse,lgbm,random_label_noise,0.05,42,0.4862508051362419,0.03559128415612123,2.428975089612348,-0.24835522173500718,1.220856832007491,0.8571428571428571,degrade,2.3709785637038294e-06,3.572416131858685e-06,True
regression,rmse,lgbm,random_label_noise,0.1,42,0.12674007666282544,0.049806567127113066,0.597283045902326,-0.053898962059424516,0.3073791153850754,0.7619047619047619,degrade,0.0050543221800580795,0.00595877983333163,True
regression,rmse,lgbm,random_label_noise,0.2,42,0.8396073884069105,0.16355796559140434,2.18751259623098,0.17802796590879277,1.5011868109050281,0.8571428571428571,degrade,2.602282620500773e-07,4.3285493093478207e-07,True
regression,rmse,lgbm,random_label_noise,0.5,42,1.8414819482704985,0.5050827977573016,4.213842369594209,0.5670703603429503,3.1158935361980467,1.0,degrade,2.2737367544323206e-13,7.345918745089036e-13,True
regression,rmse,lgbm,random_label_noise,1.0,42,4.208357434997418,1.5100413411106666,6.807020637634773,2.1496791032070632,6.267035766787773,1.0,degrade,2.2737367544323206e-13,7.345918745089036e-13,True
regression,rmse,rf,cliffs,0.01,42,0.04525091580282105,0.0008788281805457432,0.1639018470565914,-0.00431866816615966,0.09482049977180176,0.5238095238095238,degrade,0.0028626483835703727,0.0034474905264503413,True
regression,rmse,rf,cliffs,0.02,42,0.03504646812200212,0.0008003889228138106,0.26633072482857784,-0.045501149034205914,0.11559408527821016,0.5476190476190477,degrade,0.02220867462081582,0.024627441163676947,True
regression,rmse,rf,cliffs,0.05,42,0.1162266603465345,0.01601987143465583,0.2688912997977131,0.03490463681101584,0.19754868388205316,0.6666666666666666,degrade,0.0006701833169821925,0.000840229830246331,True
regression,rmse,rf,cliffs,0.1,42,0.15136408768812976,0.019198781190321118,0.49057320473568883,0.0029977934591120803,0.2997303819171474,0.6904761904761905,degrade,0.003065489189148414,0.0036785870269780974,True
regression,rmse,rf,cliffs,0.2,42,0.3605001808302976,0.13765804998370967,0.7285766151196934,0.14015342849295725,0.580846933167638,0.8571428571428571,degrade,1.4770466805202886e-07,2.5065034578526113e-07,True
regression,rmse,rf,cliffs,0.5,42,0.7238833767368195,0.39706928819845444,0.8444643348141329,0.4684881721975721,0.9792785812760668,0.9285714285714286,degrade,7.503331289626658e-12,1.8814323233690726e-11,True
regression,rmse,rf,cliffs,1.0,42,1.343493377600534,0.6294506228412186,1.986303850715767,0.7427664347127644,1.9442203204883035,0.9523809523809523,degrade,2.4306245904881507e-10,5.104311640025117e-10,True
regression,rmse,rf,conflicts,0.01,42,0.06139603567985828,0.007964446083773613,0.20825297222612257,-0.0015868615780859907,0.12437893293780256,0.6428571428571429,degrade,0.003270199585131195,0.003910274237025201,True
regression,rmse,rf,conflicts,0.02,42,0.12423688356536886,0.018565957892794915,0.3179410634560535,0.028080516049081822,0.2203932510816559,0.7380952380952381,degrade,0.0004894997648534627,0.0006206487584557112,True
regression,rmse,rf,conflicts,0.05,42,0.25514939509928825,0.04185421354082375,0.6954047970468465,0.04483494716177561,0.4654638430368009,0.8333333333333334,degrade,3.675433686112228e-05,5.040594769525342e-05,True
regression,rmse,rf,conflicts,0.1,42,0.5493780905123714,0.09866528668415714,1.3029712050146829,0.15531455971006936,0.9434416213146735,0.9047619047619048,degrade,4.941512088407762e-09,9.19442644904144e-09,True
regression,rmse,rf,conflicts,0.2,42,0.8262829502529311,0.23972263015199835,1.495146585884166,0.3740989415557608,1.2784669589501014,0.9285714285714286,degrade,2.954038791358471e-09,5.576163111777788e-09,True
regression,rmse,rf,conflicts,0.5,42,1.9416982184561025,0.4959271628437588,3.190838413219126,0.9766783880151263,2.9067180488970785,0.9523809523809523,degrade,2.5011104298755527e-11,5.960092939277913e-11,True
regression,rmse,rf,conflicts,1.0,42,3.4681407862736378,0.8239946101856442,5.242404320469605,1.8826565112053977,5.053625061341878,1.0,degrade,2.2737367544323206e-13,7.345918745089036e-13,True
regression,rmse,rf,contamination,0.01,42,-0.12000643904096442,-0.009114562258639602,0.33968996444395744,-0.2227404259868892,-0.017272452095039637,0.19047619047619047,inflate,8.621563779342978e-05,0.00011541216852028846,True
regression,rmse,rf,contamination,0.02,42,-0.1332569319872142,-0.01616836201013727,0.36508372005381384,-0.2436708683882292,-0.022842995586199177,0.14285714285714285,inflate,3.42394741892349e-07,5.611933330528256e-07,True
regression,rmse,rf,contamination,0.05,42,-0.2483021544325996,-0.0398293535956834,0.4942027030564958,-0.39776613441079856,-0.0988381744544006,0.07142857142857142,inflate,5.600895747193135e-09,1.0340115225587327e-08,True
regression,rmse,rf,contamination,0.1,42,-0.4162390989290884,-0.07172135688299985,0.8264977182850002,-0.666200577597194,-0.16627762026098275,0.023809523809523808,inflate,9.799805411603302e-10,1.90331480826515e-09,True
regression,rmse,rf,contamination,0.2,42,-1.4213297986437226,-0.14486226462378393,2.930612840843402,-2.3076484210604797,-0.5350111762269654,0.023809523809523808,inflate,4.6270542952697724e-10,9.47981855616246e-10,True
regression,rmse,rf,contamination,0.5,42,-4.577132535287417,-0.5325011075189694,9.302028559124473,-7.390387504794693,-1.7638775657801409,0.0,inflate,2.2737367544323206e-13,7.345918745089036e-13,True
regression,rmse,rf,contamination,1.0,42,-9.742224020572658,-1.0674557393237434,17.715177610941044,-15.099906071634294,-4.384541969511022,0.0,inflate,2.2737367544323206e-13,7.345918745089036e-13,True
regression,rmse,rf,random_label_noise,0.01,42,-0.004304858381000206,0.0031830881603504835,0.19029794181130846,-0.061857533809257424,0.053247817047257014,0.5952380952380952,degrade,0.2637620032612631,0.2661382375248781,False
regression,rmse,rf,random_label_noise,0.02,42,0.022521556076072032,0.007660517626526531,0.11544328587977958,-0.012392483978015612,0.05743559613015968,0.6190476190476191,degrade,0.07960410776217941,0.08384633294072816,False
regression,rmse,rf,random_label_noise,0.05,42,0.5093113814950652,0.027278740274428448,2.2887485645166796,-0.18288529712760615,1.2015080601177366,0.8809523809523809,degrade,1.6374997358070686e-08,2.9422455146052144e-08,True
regression,rmse,rf,random_label_noise,0.1,42,0.173902952899162,0.07131674188257553,0.4345751983842894,0.042472391413734406,0.30533351438458955,0.8571428571428571,degrade,1.4770466805202886e-07,2.5065034578526113e-07,True
regression,rmse,rf,random_label_noise,0.2,42,0.4746046781740462,0.1474585389838583,1.0590941375464842,0.1542980024107215,0.7949113539373709,0.8809523809523809,degrade,8.947235983214341e-07,1.4047996683925322e-06,True
regression,rmse,rf,random_label_noise,0.5,42,1.766508559597153,0.5448667610836604,3.8214812300081884,0.610760542606416,2.9222565765878903,1.0,degrade,2.2737367544323206e-13,7.345918745089036e-13,True
regression,rmse,rf,random_label_noise,1.0,42,3.467996929322028,1.334959592577813,5.491844435733027,1.8070733412696385,5.128920517374418,1.0,degrade,2.2737367544323206e-13,7.345918745089036e-13,True
regression,rmse,torch_mlp,cliffs,0.01,42,0.1545061040626714,0.005093773812792968,0.4974676746922044,0.004054683805067155,0.3049575243202757,0.5238095238095238,degrade,0.0007748077475559617,0.0009677896028951788,True
regression,rmse,torch_mlp,cliffs,0.02,42,0.12504024906465325,0.020837291657889834,0.2793374178190351,0.04055895835974743,0.20952153976955906,0.5952380952380952,degrade,0.0003329989586702486,0.00042705209966871575,True
regression,rmse,torch_mlp,cliffs,0.05,42,0.40999172652142457,0.0959844108762633,0.682104560365334,0.20369972989139426,0.6162837231514549,0.7619047619047619,degrade,1.1637692149290526e-05,1.70011502702679e-05,True
regression,rmse,torch_mlp,cliffs,0.1,42,1.0517524042612212,0.2763281710660045,1.715055158625369,0.5330604418237249,1.5704443666987173,0.8571428571428571,degrade,3.8343758467970203e-07,6.223914417989367e-07,True
regression,rmse,torch_mlp,cliffs,0.2,42,2.047700176380571,0.6071797539054709,2.8961085769241723,1.1718168360448118,2.92358351671633,0.9523809523809523,degrade,5.752553988713771e-11,1.3148694831345764e-10,True
regression,rmse,torch_mlp,cliffs,0.5,42,4.055469828739378,1.0425034664984059,5.653525537500163,2.345648286855656,5.7652913706231,0.9523809523809523,degrade,1.5916157281026244e-12,4.570793885833178e-12,True
regression,rmse,torch_mlp,cliffs,1.0,42,7.400794492953488,1.7808700513975544,10.051092915081721,4.360996570101868,10.440592415805108,0.9523809523809523,degrade,1.5916157281026244e-12,4.570793885833178e-12,True
regression,rmse,torch_mlp,conflicts,0.01,42,0.1939966274748112,0.02976988998212765,0.6756559311211113,-0.010345080768926845,0.39833833571854926,0.6904761904761905,degrade,0.015240056545280822,0.017125949830148347,True
regression,rmse,torch_mlp,conflicts,0.02,42,0.9284728780763076,0.07720710691764299,1.9772315386700554,0.3304897159440253,1.5264560402085898,0.9047619047619048,degrade,3.5554194255382754e-08,6.287478563057161e-08,True
regression,rmse,torch_mlp,conflicts,0.05,42,1.8071203310297892,0.2172322884539064,3.4453963927550664,0.7651133685449378,2.8491272935146403,0.9523809523809523,degrade,7.503331289626658e-12,1.8814323233690726e-11,True
regression,rmse,torch_mlp,conflicts,0.1,42,2.712967607016508,0.3821129183899191,4.607768808729255,1.3194190474624954,4.106516166570521,1.0,degrade,2.2737367544323206e-13,7.345918745089036e-13,True
regression,rmse,torch_mlp,conflicts,0.2,42,4.424677657666283,0.7322696044127937,7.013608778569094,2.303519931147059,6.545835384185507,1.0,degrade,2.2737367544323206e-13,7.345918745089036e-13,True
regression,rmse,torch_mlp,conflicts,0.5,42,7.775050997139909,1.2965857096649138,11.624699349239512,4.259340095435888,11.290761898843929,1.0,degrade,2.2737367544323206e-13,7.345918745089036e-13,True
regression,rmse,torch_mlp,conflicts,1.0,42,10.904309196489802,1.949654395878462,16.11548517704365,6.030429432288551,15.778188960691052,1.0,degrade,2.2737367544323206e-13,7.345918745089036e-13,True
regression,rmse,torch_mlp,contamination,0.01,42,-0.10579764007634337,-0.0201722523242861,0.26563146874937915,-0.18613377802376804,-0.025461502128918706,0.2857142857142857,inflate,0.0002014277029047662,0.0002633451680000056,True
regression,rmse,torch_mlp,contamination,0.02,42,-0.247060907684727,-0.03534730416236487,0.6174410063527542,-0.4337964104257497,-0.06032540494370431,0.09523809523809523,inflate,2.296133061463479e-08,4.103727173679409e-08,True
regression,rmse,torch_mlp,contamination,0.05,42,-0.3574126519410255,-0.07409305292842738,0.5800476888568249,-0.5328391229366449,-0.18198618094540608,0.023809523809523808,inflate,1.5916157281026244e-11,3.847358882320013e-11,True
regression,rmse,torch_mlp,contamination,0.1,42,-0.6732581617612753,-0.11336102411437521,1.1109078590339119,-1.0092350978916453,-0.3372812256309053,0.0,inflate,2.2737367544323206e-13,7.345918745089036e-13,True
regression,rmse,torch_mlp,contamination,0.2,42,-1.5019774675984887,-0.24272786645237743,2.3216202830295347,-2.204115690140827,-0.7998392450561503,0.0,inflate,2.2737367544323206e-13,7.345918745089036e-13,True
regression,rmse,torch_mlp,contamination,0.5,42,-5.411734616458434,-0.6571905733890558,10.248786864809214,-8.511322023182025,-2.312147209734842,0.0,inflate,2.2737367544323206e-13,7.345918745089036e-13,True
regression,rmse,torch_mlp,contamination,1.0,42,-14.100097956684099,-1.7143532542600681,23.1631126910773,-21.105423888898137,-7.0947720244700605,0.0,inflate,2.2737367544323206e-13,7.345918745089036e-13,True
regression,rmse,torch_mlp,random_label_noise,0.01,42,0.06112224120884847,0.011777738355743583,0.5039916187514998,-0.09130224523845232,0.21354672765614924,0.6666666666666666,degrade,0.1091088372897957,0.11420738108838428,False
regression,rmse,torch_mlp,random_label_noise,0.02,42,0.09267283033222778,0.03377558760588001,0.3290711179453789,-0.006849650382267758,0.19219531104672333,0.8095238095238095,degrade,0.0012701889038453373,0.0015576039112847931,True
regression,rmse,torch_mlp,random_label_noise,0.05,42,1.0756460346694476,0.11184635942145027,4.658083153717283,-0.33311932197085525,2.4844113913097505,0.8809523809523809,degrade,1.1024826562788803e-07,1.889970267906652e-07,True
regression,rmse,torch_mlp,random_label_noise,0.1,42,0.5915598174522573,0.18967394175515706,1.2586912324517512,0.2108880809312274,0.9722315539732871,0.9285714285714286,degrade,5.831445832882309e-07,9.374955980136153e-07,True
regression,rmse,torch_mlp,random_label_noise,0.2,42,1.670997684784497,0.43470726854702424,4.071654334271539,0.4395886735995884,2.9024066959694057,0.9285714285714286,degrade,6.980371836107224e-11,1.563603291288018e-10,True
regression,rmse,torch_mlp,random_label_noise,0.5,42,3.9032320945168486,0.9002466497719258,8.2114416322985,1.4198083088284292,6.386655880205268,0.9523809523809523,degrade,3.115019353572279e-11,7.319206313288712e-11,True
regression,rmse,torch_mlp,random_label_noise,1.0,42,7.236369522169685,1.6792921978958524,12.563769325294048,3.436651399883753,11.036087644455616,1.0,degrade,2.2737367544323206e-13,7.345918745089036e-13,True
