mode,original_observed_rate,smallest_target_rate_sota_rank_probability_below_0_5,smallest_target_rate_sota_baseline_ci_includes_zero,smallest_target_rate_fraction_delta_positive_below_0_95,interpretation,interpretation_text,dataset,family,task,metric_name,sota_model
clean_reference,,,,,stable,SOTA conclusion is stable.,moleculenet/MoleculeNet-BACE,moleculenet,classification,auroc,lgbm_advanced
leakage_curve,observed,0.5,0.0,0.0,rank-fragile,SOTA conclusion is rank-fragile.,moleculenet/MoleculeNet-BACE,moleculenet,classification,auroc,lgbm_advanced
observed_composition,observed,,,,stable,SOTA conclusion is stable.,moleculenet/MoleculeNet-BACE,moleculenet,classification,auroc,lgbm_advanced
random_matched_control,observed,,0.0,0.0,statistically indistinguishable,SOTA conclusion is statistically indistinguishable.,moleculenet/MoleculeNet-BACE,moleculenet,classification,auroc,lgbm_advanced
clean_reference,,,0.0,0.0,statistically indistinguishable,SOTA conclusion is statistically indistinguishable.,moleculenet/MoleculeNet-BBBP,moleculenet,classification,auroc,ecfp_rf
leakage_curve,observed,0.0,0.0,0.0,rank-fragile,SOTA conclusion is rank-fragile.,moleculenet/MoleculeNet-BBBP,moleculenet,classification,auroc,ecfp_rf
observed_composition,observed,,,,stable,SOTA conclusion is stable.,moleculenet/MoleculeNet-BBBP,moleculenet,classification,auroc,ecfp_rf
random_matched_control,observed,0.0,0.0,0.0,rank-fragile,SOTA conclusion is rank-fragile.,moleculenet/MoleculeNet-BBBP,moleculenet,classification,auroc,ecfp_rf
clean_reference,,,,,stable,SOTA conclusion is stable.,moleculenet/MoleculeNet-ESOL,moleculenet,regression,rmse,lgbm_advanced
leakage_curve,observed,0.0,0.0,0.0,rank-fragile,SOTA conclusion is rank-fragile.,moleculenet/MoleculeNet-ESOL,moleculenet,regression,rmse,lgbm_advanced
observed_composition,observed,,,,stable,SOTA conclusion is stable.,moleculenet/MoleculeNet-ESOL,moleculenet,regression,rmse,lgbm_advanced
random_matched_control,observed,0.0,0.0,0.0,rank-fragile,SOTA conclusion is rank-fragile.,moleculenet/MoleculeNet-ESOL,moleculenet,regression,rmse,lgbm_advanced
clean_reference,,,,,stable,SOTA conclusion is stable.,moleculenet/MoleculeNet-FreeSolv,moleculenet,regression,rmse,lgbm_advanced
leakage_curve,observed,0.25,0.0,0.0,rank-fragile,SOTA conclusion is rank-fragile.,moleculenet/MoleculeNet-FreeSolv,moleculenet,regression,rmse,lgbm_advanced
observed_composition,observed,,,,stable,SOTA conclusion is stable.,moleculenet/MoleculeNet-FreeSolv,moleculenet,regression,rmse,lgbm_advanced
random_matched_control,observed,,0.0,0.0,statistically indistinguishable,SOTA conclusion is statistically indistinguishable.,moleculenet/MoleculeNet-FreeSolv,moleculenet,regression,rmse,lgbm_advanced
clean_reference,,,,,stable,SOTA conclusion is stable.,moleculenet/MoleculeNet-HIV,moleculenet,classification,auroc,lgbm_advanced
conflict_curve,observed,0.0,0.25,0.0,rank-fragile,SOTA conclusion is rank-fragile.,moleculenet/MoleculeNet-HIV,moleculenet,classification,auroc,lgbm_advanced
leakage_curve,observed,0.0,0.0,0.0,rank-fragile,SOTA conclusion is rank-fragile.,moleculenet/MoleculeNet-HIV,moleculenet,classification,auroc,lgbm_advanced
observed_composition,observed,,,,stable,SOTA conclusion is stable.,moleculenet/MoleculeNet-HIV,moleculenet,classification,auroc,lgbm_advanced
random_matched_control,observed,0.0,0.0,0.0,rank-fragile,SOTA conclusion is rank-fragile.,moleculenet/MoleculeNet-HIV,moleculenet,classification,auroc,lgbm_advanced
clean_reference,,,,,stable,SOTA conclusion is stable.,moleculenet/MoleculeNet-Lipophilicity,moleculenet,regression,rmse,lgbm_advanced
leakage_curve,observed,0.1,0.1,0.25,rank-fragile,SOTA conclusion is rank-fragile.,moleculenet/MoleculeNet-Lipophilicity,moleculenet,regression,rmse,lgbm_advanced
observed_composition,observed,,,,stable,SOTA conclusion is stable.,moleculenet/MoleculeNet-Lipophilicity,moleculenet,regression,rmse,lgbm_advanced
random_matched_control,observed,0.0,0.0,0.0,rank-fragile,SOTA conclusion is rank-fragile.,moleculenet/MoleculeNet-Lipophilicity,moleculenet,regression,rmse,lgbm_advanced
clean_reference,,,,,stable,SOTA conclusion is stable.,tdc/BBB_Martins,tdc,classification,auroc,lgbm_basic
conflict_curve,observed,0.0,0.0,0.0,rank-fragile,SOTA conclusion is rank-fragile.,tdc/BBB_Martins,tdc,classification,auroc,lgbm_basic
leakage_curve,observed,0.0,0.0,0.0,rank-fragile,SOTA conclusion is rank-fragile.,tdc/BBB_Martins,tdc,classification,auroc,lgbm_basic
observed_composition,observed,,,,stable,SOTA conclusion is stable.,tdc/BBB_Martins,tdc,classification,auroc,lgbm_basic
random_matched_control,observed,0.0,0.0,0.0,rank-fragile,SOTA conclusion is rank-fragile.,tdc/BBB_Martins,tdc,classification,auroc,lgbm_basic
clean_reference,,,,,stable,SOTA conclusion is stable.,tdc/Bioavailability_Ma,tdc,classification,auroc,ecfp_linear
leakage_curve,observed,0.0,0.0,0.0,rank-fragile,SOTA conclusion is rank-fragile.,tdc/Bioavailability_Ma,tdc,classification,auroc,ecfp_linear
observed_composition,observed,,,,stable,SOTA conclusion is stable.,tdc/Bioavailability_Ma,tdc,classification,auroc,ecfp_linear
random_matched_control,observed,0.0,0.0,0.0,rank-fragile,SOTA conclusion is rank-fragile.,tdc/Bioavailability_Ma,tdc,classification,auroc,ecfp_linear
clean_reference,,,,,stable,SOTA conclusion is stable.,tdc/CYP1A2_Veith,tdc,classification,auroc,lgbm_advanced
conflict_curve,observed,0.0,0.0,0.0,rank-fragile,SOTA conclusion is rank-fragile.,tdc/CYP1A2_Veith,tdc,classification,auroc,lgbm_advanced
leakage_curve,observed,,0.0,0.0,statistically indistinguishable,SOTA conclusion is statistically indistinguishable.,tdc/CYP1A2_Veith,tdc,classification,auroc,lgbm_advanced
observed_composition,observed,,,,stable,SOTA conclusion is stable.,tdc/CYP1A2_Veith,tdc,classification,auroc,lgbm_advanced
random_matched_control,observed,0.0,0.0,0.0,rank-fragile,SOTA conclusion is rank-fragile.,tdc/CYP1A2_Veith,tdc,classification,auroc,lgbm_advanced
clean_reference,,0.0,,0.0,rank-fragile,SOTA conclusion is rank-fragile.,tdc/CYP2C19_Veith,tdc,classification,auroc,lgbm_advanced
conflict_curve,observed,0.0,0.0,0.0,rank-fragile,SOTA conclusion is rank-fragile.,tdc/CYP2C19_Veith,tdc,classification,auroc,lgbm_advanced
leakage_curve,observed,0.0,0.0,0.0,rank-fragile,SOTA conclusion is rank-fragile.,tdc/CYP2C19_Veith,tdc,classification,auroc,lgbm_advanced
observed_composition,observed,,,,stable,SOTA conclusion is stable.,tdc/CYP2C19_Veith,tdc,classification,auroc,lgbm_advanced
random_matched_control,observed,0.0,0.0,0.0,rank-fragile,SOTA conclusion is rank-fragile.,tdc/CYP2C19_Veith,tdc,classification,auroc,lgbm_advanced
clean_reference,,,,,stable,SOTA conclusion is stable.,tdc/CYP2C9_Substrate_CarbonMangels,tdc,classification,auroc,lgbm_basic
leakage_curve,observed,0.0,0.0,0.0,rank-fragile,SOTA conclusion is rank-fragile.,tdc/CYP2C9_Substrate_CarbonMangels,tdc,classification,auroc,lgbm_basic
observed_composition,observed,,,,stable,SOTA conclusion is stable.,tdc/CYP2C9_Substrate_CarbonMangels,tdc,classification,auroc,lgbm_basic
random_matched_control,observed,0.0,0.0,0.0,rank-fragile,SOTA conclusion is rank-fragile.,tdc/CYP2C9_Substrate_CarbonMangels,tdc,classification,auroc,lgbm_basic
clean_reference,,,,,stable,SOTA conclusion is stable.,tdc/CYP2C9_Veith,tdc,classification,auroc,lgbm_advanced
conflict_curve,observed,0.0,0.0,0.0,rank-fragile,SOTA conclusion is rank-fragile.,tdc/CYP2C9_Veith,tdc,classification,auroc,lgbm_advanced
leakage_curve,observed,,0.0,0.0,statistically indistinguishable,SOTA conclusion is statistically indistinguishable.,tdc/CYP2C9_Veith,tdc,classification,auroc,lgbm_advanced
observed_composition,observed,,,,stable,SOTA conclusion is stable.,tdc/CYP2C9_Veith,tdc,classification,auroc,lgbm_advanced
random_matched_control,observed,0.0,0.0,0.0,rank-fragile,SOTA conclusion is rank-fragile.,tdc/CYP2C9_Veith,tdc,classification,auroc,lgbm_advanced
clean_reference,,0.0,,,rank-fragile,SOTA conclusion is rank-fragile.,tdc/CYP2D6_Substrate_CarbonMangels,tdc,classification,auroc,torch_mlp_basic
leakage_curve,observed,0.0,0.0,0.0,rank-fragile,SOTA conclusion is rank-fragile.,tdc/CYP2D6_Substrate_CarbonMangels,tdc,classification,auroc,torch_mlp_basic
observed_composition,observed,,,,stable,SOTA conclusion is stable.,tdc/CYP2D6_Substrate_CarbonMangels,tdc,classification,auroc,torch_mlp_basic
random_matched_control,observed,0.0,0.0,0.0,rank-fragile,SOTA conclusion is rank-fragile.,tdc/CYP2D6_Substrate_CarbonMangels,tdc,classification,auroc,torch_mlp_basic
clean_reference,,,0.0,0.0,statistically indistinguishable,SOTA conclusion is statistically indistinguishable.,tdc/CYP2D6_Veith,tdc,classification,auroc,ecfp_rf
conflict_curve,observed,0.0,0.0,0.0,rank-fragile,SOTA conclusion is rank-fragile.,tdc/CYP2D6_Veith,tdc,classification,auroc,ecfp_rf
leakage_curve,observed,0.75,0.0,0.0,rank-fragile,SOTA conclusion is rank-fragile.,tdc/CYP2D6_Veith,tdc,classification,auroc,ecfp_rf
observed_composition,observed,,,,stable,SOTA conclusion is stable.,tdc/CYP2D6_Veith,tdc,classification,auroc,ecfp_rf
random_matched_control,observed,0.0,0.0,0.0,rank-fragile,SOTA conclusion is rank-fragile.,tdc/CYP2D6_Veith,tdc,classification,auroc,ecfp_rf
clean_reference,,,0.0,0.0,statistically indistinguishable,SOTA conclusion is statistically indistinguishable.,tdc/CYP3A4_Substrate_CarbonMangels,tdc,classification,auroc,ecfp_rf
leakage_curve,observed,0.0,0.0,0.0,rank-fragile,SOTA conclusion is rank-fragile.,tdc/CYP3A4_Substrate_CarbonMangels,tdc,classification,auroc,ecfp_rf
observed_composition,observed,,,,stable,SOTA conclusion is stable.,tdc/CYP3A4_Substrate_CarbonMangels,tdc,classification,auroc,ecfp_rf
random_matched_control,observed,0.0,0.0,0.0,rank-fragile,SOTA conclusion is rank-fragile.,tdc/CYP3A4_Substrate_CarbonMangels,tdc,classification,auroc,ecfp_rf
clean_reference,,,,,stable,SOTA conclusion is stable.,tdc/CYP3A4_Veith,tdc,classification,auroc,lgbm_advanced
leakage_curve,observed,,0.0,0.0,statistically indistinguishable,SOTA conclusion is statistically indistinguishable.,tdc/CYP3A4_Veith,tdc,classification,auroc,lgbm_advanced
observed_composition,observed,,,,stable,SOTA conclusion is stable.,tdc/CYP3A4_Veith,tdc,classification,auroc,lgbm_advanced
random_matched_control,observed,,0.0,0.0,statistically indistinguishable,SOTA conclusion is statistically indistinguishable.,tdc/CYP3A4_Veith,tdc,classification,auroc,lgbm_advanced
clean_reference,,,,,stable,SOTA conclusion is stable.,tdc/Caco2_Wang,tdc,regression,rmse,lgbm_advanced
conflict_curve,observed,0.0,0.0,0.0,rank-fragile,SOTA conclusion is rank-fragile.,tdc/Caco2_Wang,tdc,regression,rmse,lgbm_advanced
leakage_curve,observed,,0.0,0.0,statistically indistinguishable,SOTA conclusion is statistically indistinguishable.,tdc/Caco2_Wang,tdc,regression,rmse,lgbm_advanced
observed_composition,observed,,,,stable,SOTA conclusion is stable.,tdc/Caco2_Wang,tdc,regression,rmse,lgbm_advanced
random_matched_control,observed,0.0,0.0,0.0,rank-fragile,SOTA conclusion is rank-fragile.,tdc/Caco2_Wang,tdc,regression,rmse,lgbm_advanced
clean_reference,,0.0,0.0,0.0,rank-fragile,SOTA conclusion is rank-fragile.,tdc/Clearance_Hepatocyte_AZ,tdc,regression,rmse,ecfp_rf
conflict_curve,observed,0.0,0.0,0.0,rank-fragile,SOTA conclusion is rank-fragile.,tdc/Clearance_Hepatocyte_AZ,tdc,regression,rmse,ecfp_rf
leakage_curve,observed,0.0,0.0,0.0,rank-fragile,SOTA conclusion is rank-fragile.,tdc/Clearance_Hepatocyte_AZ,tdc,regression,rmse,ecfp_rf
observed_composition,observed,,,,stable,SOTA conclusion is stable.,tdc/Clearance_Hepatocyte_AZ,tdc,regression,rmse,ecfp_rf
random_matched_control,observed,,0.0,0.0,statistically indistinguishable,SOTA conclusion is statistically indistinguishable.,tdc/Clearance_Hepatocyte_AZ,tdc,regression,rmse,ecfp_rf
clean_reference,,,,,stable,SOTA conclusion is stable.,tdc/Clearance_Microsome_AZ,tdc,regression,rmse,lgbm_advanced
conflict_curve,observed,0.0,0.0,0.0,rank-fragile,SOTA conclusion is rank-fragile.,tdc/Clearance_Microsome_AZ,tdc,regression,rmse,lgbm_advanced
leakage_curve,observed,0.0,0.0,0.0,rank-fragile,SOTA conclusion is rank-fragile.,tdc/Clearance_Microsome_AZ,tdc,regression,rmse,lgbm_advanced
observed_composition,observed,,,,stable,SOTA conclusion is stable.,tdc/Clearance_Microsome_AZ,tdc,regression,rmse,lgbm_advanced
random_matched_control,observed,0.0,0.0,0.0,rank-fragile,SOTA conclusion is rank-fragile.,tdc/Clearance_Microsome_AZ,tdc,regression,rmse,lgbm_advanced
clean_reference,,0.0,0.0,0.0,rank-fragile,SOTA conclusion is rank-fragile.,tdc/HIA_Hou,tdc,classification,auroc,ecfp_rf
leakage_curve,observed,0.0,,0.0,rank-fragile,SOTA conclusion is rank-fragile.,tdc/HIA_Hou,tdc,classification,auroc,ecfp_rf
observed_composition,observed,,,,stable,SOTA conclusion is stable.,tdc/HIA_Hou,tdc,classification,auroc,ecfp_rf
random_matched_control,observed,0.0,,0.0,rank-fragile,SOTA conclusion is rank-fragile.,tdc/HIA_Hou,tdc,classification,auroc,ecfp_rf
clean_reference,,,,,stable,SOTA conclusion is stable.,tdc/Half_Life_Obach,tdc,regression,rmse,torch_mlp_basic
conflict_curve,observed,0.0,0.0,0.0,rank-fragile,SOTA conclusion is rank-fragile.,tdc/Half_Life_Obach,tdc,regression,rmse,torch_mlp_basic
leakage_curve,observed,0.0,0.0,0.0,rank-fragile,SOTA conclusion is rank-fragile.,tdc/Half_Life_Obach,tdc,regression,rmse,torch_mlp_basic
observed_composition,observed,,,,stable,SOTA conclusion is stable.,tdc/Half_Life_Obach,tdc,regression,rmse,torch_mlp_basic
random_matched_control,observed,0.0,0.0,0.0,rank-fragile,SOTA conclusion is rank-fragile.,tdc/Half_Life_Obach,tdc,regression,rmse,torch_mlp_basic
clean_reference,,,,,stable,SOTA conclusion is stable.,tdc/HydrationFreeEnergy_FreeSolv,tdc,regression,rmse,lgbm_advanced
leakage_curve,observed,0.5,0.0,0.0,rank-fragile,SOTA conclusion is rank-fragile.,tdc/HydrationFreeEnergy_FreeSolv,tdc,regression,rmse,lgbm_advanced
observed_composition,observed,,,,stable,SOTA conclusion is stable.,tdc/HydrationFreeEnergy_FreeSolv,tdc,regression,rmse,lgbm_advanced
random_matched_control,observed,0.0,0.0,0.0,rank-fragile,SOTA conclusion is rank-fragile.,tdc/HydrationFreeEnergy_FreeSolv,tdc,regression,rmse,lgbm_advanced
clean_reference,,,,,stable,SOTA conclusion is stable.,tdc/Lipophilicity_AstraZeneca,tdc,regression,rmse,lgbm_advanced
conflict_curve,observed,0.0,0.0,0.0,rank-fragile,SOTA conclusion is rank-fragile.,tdc/Lipophilicity_AstraZeneca,tdc,regression,rmse,lgbm_advanced
leakage_curve,observed,,0.5,,statistically indistinguishable,SOTA conclusion is statistically indistinguishable.,tdc/Lipophilicity_AstraZeneca,tdc,regression,rmse,lgbm_advanced
observed_composition,observed,,,,stable,SOTA conclusion is stable.,tdc/Lipophilicity_AstraZeneca,tdc,regression,rmse,lgbm_advanced
random_matched_control,observed,0.0,0.0,0.0,rank-fragile,SOTA conclusion is rank-fragile.,tdc/Lipophilicity_AstraZeneca,tdc,regression,rmse,lgbm_advanced
clean_reference,,0.0,0.0,0.0,rank-fragile,SOTA conclusion is rank-fragile.,tdc/PAMPA_NCATS,tdc,classification,auroc,ecfp_rf
leakage_curve,observed,0.0,0.0,0.0,rank-fragile,SOTA conclusion is rank-fragile.,tdc/PAMPA_NCATS,tdc,classification,auroc,ecfp_rf
observed_composition,observed,,,,stable,SOTA conclusion is stable.,tdc/PAMPA_NCATS,tdc,classification,auroc,ecfp_rf
random_matched_control,observed,0.0,0.0,0.0,rank-fragile,SOTA conclusion is rank-fragile.,tdc/PAMPA_NCATS,tdc,classification,auroc,ecfp_rf
clean_reference,,,,,stable,SOTA conclusion is stable.,tdc/PPBR_AZ,tdc,regression,rmse,lgbm_advanced
conflict_curve,observed,0.0,0.0,0.0,rank-fragile,SOTA conclusion is rank-fragile.,tdc/PPBR_AZ,tdc,regression,rmse,lgbm_advanced
leakage_curve,observed,,0.0,0.0,statistically indistinguishable,SOTA conclusion is statistically indistinguishable.,tdc/PPBR_AZ,tdc,regression,rmse,lgbm_advanced
observed_composition,observed,,,,stable,SOTA conclusion is stable.,tdc/PPBR_AZ,tdc,regression,rmse,lgbm_advanced
random_matched_control,observed,0.0,0.0,0.0,rank-fragile,SOTA conclusion is rank-fragile.,tdc/PPBR_AZ,tdc,regression,rmse,lgbm_advanced
clean_reference,,,0.0,0.0,statistically indistinguishable,SOTA conclusion is statistically indistinguishable.,tdc/Pgp_Broccatelli,tdc,classification,auroc,ecfp_rf
leakage_curve,observed,0.75,0.0,0.0,rank-fragile,SOTA conclusion is rank-fragile.,tdc/Pgp_Broccatelli,tdc,classification,auroc,ecfp_rf
observed_composition,observed,,,,stable,SOTA conclusion is stable.,tdc/Pgp_Broccatelli,tdc,classification,auroc,ecfp_rf
random_matched_control,observed,0.0,0.0,0.0,rank-fragile,SOTA conclusion is rank-fragile.,tdc/Pgp_Broccatelli,tdc,classification,auroc,ecfp_rf
clean_reference,,,,,stable,SOTA conclusion is stable.,tdc/Solubility_AqSolDB,tdc,regression,rmse,lgbm_advanced
conflict_curve,observed,0.5,0.0,0.0,rank-fragile,SOTA conclusion is rank-fragile.,tdc/Solubility_AqSolDB,tdc,regression,rmse,lgbm_advanced
leakage_curve,observed,0.75,0.0,0.0,rank-fragile,SOTA conclusion is rank-fragile.,tdc/Solubility_AqSolDB,tdc,regression,rmse,lgbm_advanced
observed_composition,observed,,,,stable,SOTA conclusion is stable.,tdc/Solubility_AqSolDB,tdc,regression,rmse,lgbm_advanced
random_matched_control,observed,,0.0,,statistically indistinguishable,SOTA conclusion is statistically indistinguishable.,tdc/Solubility_AqSolDB,tdc,regression,rmse,lgbm_advanced
clean_reference,,,,,stable,SOTA conclusion is stable.,tdc/VDss_Lombardo,tdc,regression,rmse,lgbm_basic
conflict_curve,observed,0.0,0.0,0.0,rank-fragile,SOTA conclusion is rank-fragile.,tdc/VDss_Lombardo,tdc,regression,rmse,lgbm_basic
leakage_curve,observed,0.0,0.0,0.0,rank-fragile,SOTA conclusion is rank-fragile.,tdc/VDss_Lombardo,tdc,regression,rmse,lgbm_basic
observed_composition,observed,,,,stable,SOTA conclusion is stable.,tdc/VDss_Lombardo,tdc,regression,rmse,lgbm_basic
random_matched_control,observed,0.0,0.0,0.0,rank-fragile,SOTA conclusion is rank-fragile.,tdc/VDss_Lombardo,tdc,regression,rmse,lgbm_basic
