dataset,family,task,metric,count,fraction
moleculenet/MoleculeNet-BACE,moleculenet,classification,rows_test,149.0,0.100607697501688
moleculenet/MoleculeNet-BACE,moleculenet,classification,test_label_conflicts,0.0,0.0
moleculenet/MoleculeNet-BACE,moleculenet,classification,exact_test_leaks,3.0,0.0201342281879194
moleculenet/MoleculeNet-BACE,moleculenet,classification,near_train_analogues,29.0,0.1946308724832214
moleculenet/MoleculeNet-BACE,moleculenet,classification,same_scaffold_test,,
moleculenet/MoleculeNet-BACE,moleculenet,classification,audit_clean_test,,
moleculenet/MoleculeNet-BBBP,moleculenet,classification,rows_test,205.0,0.1039026862645717
moleculenet/MoleculeNet-BBBP,moleculenet,classification,test_label_conflicts,0.0,0.0
moleculenet/MoleculeNet-BBBP,moleculenet,classification,exact_test_leaks,2.0,0.0097560975609756
moleculenet/MoleculeNet-BBBP,moleculenet,classification,near_train_analogues,3.0,0.0146341463414634
moleculenet/MoleculeNet-BBBP,moleculenet,classification,same_scaffold_test,,
moleculenet/MoleculeNet-BBBP,moleculenet,classification,audit_clean_test,,
moleculenet/MoleculeNet-ESOL,moleculenet,regression,rows_test,113.0,0.1009830205540661
moleculenet/MoleculeNet-ESOL,moleculenet,regression,test_label_conflicts,0.0,0.0
moleculenet/MoleculeNet-ESOL,moleculenet,regression,exact_test_leaks,2.0,0.0176991150442477
moleculenet/MoleculeNet-ESOL,moleculenet,regression,near_train_analogues,12.0,0.1061946902654867
moleculenet/MoleculeNet-ESOL,moleculenet,regression,same_scaffold_test,,
moleculenet/MoleculeNet-ESOL,moleculenet,regression,audit_clean_test,,
moleculenet/MoleculeNet-FreeSolv,moleculenet,regression,rows_test,65.0,0.1012461059190031
moleculenet/MoleculeNet-FreeSolv,moleculenet,regression,test_label_conflicts,0.0,0.0
moleculenet/MoleculeNet-FreeSolv,moleculenet,regression,exact_test_leaks,0.0,0.0
moleculenet/MoleculeNet-FreeSolv,moleculenet,regression,near_train_analogues,10.0,0.1538461538461538
moleculenet/MoleculeNet-FreeSolv,moleculenet,regression,same_scaffold_test,,
moleculenet/MoleculeNet-FreeSolv,moleculenet,regression,audit_clean_test,,
moleculenet/MoleculeNet-HIV,moleculenet,classification,rows_test,4111.0,0.1000194637730524
moleculenet/MoleculeNet-HIV,moleculenet,classification,test_label_conflicts,9.0,0.0021892483580637
moleculenet/MoleculeNet-HIV,moleculenet,classification,exact_test_leaks,95.0,0.0231087326684505
moleculenet/MoleculeNet-HIV,moleculenet,classification,near_train_analogues,228.0,0.0554609584042811
moleculenet/MoleculeNet-HIV,moleculenet,classification,same_scaffold_test,,
moleculenet/MoleculeNet-HIV,moleculenet,classification,audit_clean_test,,
moleculenet/MoleculeNet-Lipophilicity,moleculenet,regression,rows_test,420.0,0.1
moleculenet/MoleculeNet-Lipophilicity,moleculenet,regression,test_label_conflicts,0.0,0.0
moleculenet/MoleculeNet-Lipophilicity,moleculenet,regression,exact_test_leaks,3.0,0.0071428571428571
moleculenet/MoleculeNet-Lipophilicity,moleculenet,regression,near_train_analogues,50.0,0.119047619047619
moleculenet/MoleculeNet-Lipophilicity,moleculenet,regression,same_scaffold_test,,
moleculenet/MoleculeNet-Lipophilicity,moleculenet,regression,audit_clean_test,,
tdc/BBB_Martins,tdc,classification,rows_test,405.0,0.2018943170488534
tdc/BBB_Martins,tdc,classification,test_label_conflicts,5.0,0.0123456790123456
tdc/BBB_Martins,tdc,classification,exact_test_leaks,26.0,0.0641975308641975
tdc/BBB_Martins,tdc,classification,near_train_analogues,45.0,0.1111111111111111
tdc/BBB_Martins,tdc,classification,same_scaffold_test,,
tdc/BBB_Martins,tdc,classification,audit_clean_test,,
tdc/Bioavailability_Ma,tdc,classification,rows_test,128.0,0.2
tdc/Bioavailability_Ma,tdc,classification,test_label_conflicts,0.0,0.0
tdc/Bioavailability_Ma,tdc,classification,exact_test_leaks,0.0,0.0
tdc/Bioavailability_Ma,tdc,classification,near_train_analogues,3.0,0.0234375
tdc/Bioavailability_Ma,tdc,classification,same_scaffold_test,,
tdc/Bioavailability_Ma,tdc,classification,audit_clean_test,,
tdc/CYP1A2_Veith,tdc,classification,rows_test,2516.0,0.2001272669424117
tdc/CYP1A2_Veith,tdc,classification,test_label_conflicts,2.0,0.0007949125596184
tdc/CYP1A2_Veith,tdc,classification,exact_test_leaks,13.0,0.0051669316375198
tdc/CYP1A2_Veith,tdc,classification,near_train_analogues,186.0,0.0739268680445151
tdc/CYP1A2_Veith,tdc,classification,same_scaffold_test,,
tdc/CYP1A2_Veith,tdc,classification,audit_clean_test,,
tdc/CYP2C19_Veith,tdc,classification,rows_test,2531.0,0.1999368038549648
tdc/CYP2C19_Veith,tdc,classification,test_label_conflicts,3.0,0.0011853022520742
tdc/CYP2C19_Veith,tdc,classification,exact_test_leaks,23.0,0.0090873172659028
tdc/CYP2C19_Veith,tdc,classification,near_train_analogues,214.0,0.0845515606479652
tdc/CYP2C19_Veith,tdc,classification,same_scaffold_test,,
tdc/CYP2C19_Veith,tdc,classification,audit_clean_test,,
tdc/CYP2C9_Substrate_CarbonMangels,tdc,classification,rows_test,134.0,0.2002989536621823
tdc/CYP2C9_Substrate_CarbonMangels,tdc,classification,test_label_conflicts,0.0,0.0
tdc/CYP2C9_Substrate_CarbonMangels,tdc,classification,exact_test_leaks,2.0,0.0149253731343283
tdc/CYP2C9_Substrate_CarbonMangels,tdc,classification,near_train_analogues,5.0,0.0373134328358208
tdc/CYP2C9_Substrate_CarbonMangels,tdc,classification,same_scaffold_test,,
tdc/CYP2C9_Substrate_CarbonMangels,tdc,classification,audit_clean_test,,
tdc/CYP2C9_Veith,tdc,classification,rows_test,2416.0,0.1999007115671024
tdc/CYP2C9_Veith,tdc,classification,test_label_conflicts,5.0,0.002069536423841
tdc/CYP2C9_Veith,tdc,classification,exact_test_leaks,24.0,0.009933774834437
tdc/CYP2C9_Veith,tdc,classification,near_train_analogues,220.0,0.0910596026490066
tdc/CYP2C9_Veith,tdc,classification,same_scaffold_test,,
tdc/CYP2C9_Veith,tdc,classification,audit_clean_test,,
tdc/CYP2D6_Substrate_CarbonMangels,tdc,classification,rows_test,133.0,0.2003012048192771
tdc/CYP2D6_Substrate_CarbonMangels,tdc,classification,test_label_conflicts,0.0,0.0
tdc/CYP2D6_Substrate_CarbonMangels,tdc,classification,exact_test_leaks,0.0,0.0
tdc/CYP2D6_Substrate_CarbonMangels,tdc,classification,near_train_analogues,4.0,0.0300751879699248
tdc/CYP2D6_Substrate_CarbonMangels,tdc,classification,same_scaffold_test,,
tdc/CYP2D6_Substrate_CarbonMangels,tdc,classification,audit_clean_test,,
tdc/CYP2D6_Veith,tdc,classification,rows_test,2626.0,0.2000457073207892
tdc/CYP2D6_Veith,tdc,classification,test_label_conflicts,3.0,0.0011424219345011
tdc/CYP2D6_Veith,tdc,classification,exact_test_leaks,18.0,0.0068545316070068
tdc/CYP2D6_Veith,tdc,classification,near_train_analogues,244.0,0.0929169840060929
tdc/CYP2D6_Veith,tdc,classification,same_scaffold_test,,
tdc/CYP2D6_Veith,tdc,classification,audit_clean_test,,
tdc/CYP3A4_Substrate_CarbonMangels,tdc,classification,rows_test,134.0,0.2
tdc/CYP3A4_Substrate_CarbonMangels,tdc,classification,test_label_conflicts,0.0,0.0
tdc/CYP3A4_Substrate_CarbonMangels,tdc,classification,exact_test_leaks,1.0,0.0074626865671641
tdc/CYP3A4_Substrate_CarbonMangels,tdc,classification,near_train_analogues,4.0,0.0298507462686567
tdc/CYP3A4_Substrate_CarbonMangels,tdc,classification,same_scaffold_test,,
tdc/CYP3A4_Substrate_CarbonMangels,tdc,classification,audit_clean_test,,
tdc/CYP3A4_Veith,tdc,classification,rows_test,2464.0,0.1999350860110353
tdc/CYP3A4_Veith,tdc,classification,test_label_conflicts,0.0,0.0
tdc/CYP3A4_Veith,tdc,classification,exact_test_leaks,22.0,0.0089285714285714
tdc/CYP3A4_Veith,tdc,classification,near_train_analogues,180.0,0.073051948051948
tdc/CYP3A4_Veith,tdc,classification,same_scaffold_test,,
tdc/CYP3A4_Veith,tdc,classification,audit_clean_test,,
tdc/Caco2_Wang,tdc,regression,rows_test,182.0,0.2017738359201774
tdc/Caco2_Wang,tdc,regression,test_label_conflicts,4.0,0.0219780219780219
tdc/Caco2_Wang,tdc,regression,exact_test_leaks,21.0,0.1153846153846153
tdc/Caco2_Wang,tdc,regression,near_train_analogues,42.0,0.2307692307692307
tdc/Caco2_Wang,tdc,regression,same_scaffold_test,,
tdc/Caco2_Wang,tdc,regression,audit_clean_test,,
tdc/Clearance_Hepatocyte_AZ,tdc,regression,rows_test,235.0,0.21190261496844
tdc/Clearance_Hepatocyte_AZ,tdc,regression,test_label_conflicts,56.0,0.2382978723404255
tdc/Clearance_Hepatocyte_AZ,tdc,regression,exact_test_leaks,55.0,0.2340425531914893
tdc/Clearance_Hepatocyte_AZ,tdc,regression,near_train_analogues,74.0,0.3148936170212766
tdc/Clearance_Hepatocyte_AZ,tdc,regression,same_scaffold_test,,
tdc/Clearance_Hepatocyte_AZ,tdc,regression,audit_clean_test,,
tdc/Clearance_Microsome_AZ,tdc,regression,rows_test,220.0,0.1996370235934664
tdc/Clearance_Microsome_AZ,tdc,regression,test_label_conflicts,2.0,0.009090909090909
tdc/Clearance_Microsome_AZ,tdc,regression,exact_test_leaks,1.0,0.0045454545454545
tdc/Clearance_Microsome_AZ,tdc,regression,near_train_analogues,18.0,0.0818181818181818
tdc/Clearance_Microsome_AZ,tdc,regression,same_scaffold_test,,
tdc/Clearance_Microsome_AZ,tdc,regression,audit_clean_test,,
tdc/HIA_Hou,tdc,classification,rows_test,116.0,0.2006920415224913
tdc/HIA_Hou,tdc,classification,test_label_conflicts,0.0,0.0
tdc/HIA_Hou,tdc,classification,exact_test_leaks,0.0,0.0
tdc/HIA_Hou,tdc,classification,near_train_analogues,1.0,0.0086206896551724
tdc/HIA_Hou,tdc,classification,same_scaffold_test,,
tdc/HIA_Hou,tdc,classification,audit_clean_test,,
tdc/Half_Life_Obach,tdc,regression,rows_test,133.0,0.1994002998500749
tdc/Half_Life_Obach,tdc,regression,test_label_conflicts,2.0,0.0150375939849624
tdc/Half_Life_Obach,tdc,regression,exact_test_leaks,2.0,0.0150375939849624
tdc/Half_Life_Obach,tdc,regression,near_train_analogues,6.0,0.0451127819548872
tdc/Half_Life_Obach,tdc,regression,same_scaffold_test,,
tdc/Half_Life_Obach,tdc,regression,audit_clean_test,,
tdc/HydrationFreeEnergy_FreeSolv,tdc,regression,rows_test,128.0,0.1993769470404984
tdc/HydrationFreeEnergy_FreeSolv,tdc,regression,test_label_conflicts,0.0,0.0
tdc/HydrationFreeEnergy_FreeSolv,tdc,regression,exact_test_leaks,0.0,0.0
tdc/HydrationFreeEnergy_FreeSolv,tdc,regression,near_train_analogues,12.0,0.09375
tdc/HydrationFreeEnergy_FreeSolv,tdc,regression,same_scaffold_test,,
tdc/HydrationFreeEnergy_FreeSolv,tdc,regression,audit_clean_test,,
tdc/Lipophilicity_AstraZeneca,tdc,regression,rows_test,840.0,0.2
tdc/Lipophilicity_AstraZeneca,tdc,regression,test_label_conflicts,1.0,0.0011904761904761
tdc/Lipophilicity_AstraZeneca,tdc,regression,exact_test_leaks,4.0,0.0047619047619047
tdc/Lipophilicity_AstraZeneca,tdc,regression,near_train_analogues,101.0,0.1202380952380952
tdc/Lipophilicity_AstraZeneca,tdc,regression,same_scaffold_test,,
tdc/Lipophilicity_AstraZeneca,tdc,regression,audit_clean_test,,
tdc/PAMPA_NCATS,tdc,classification,rows_test,407.0,0.2000983284169125
tdc/PAMPA_NCATS,tdc,classification,test_label_conflicts,0.0,0.0
tdc/PAMPA_NCATS,tdc,classification,exact_test_leaks,0.0,0.0
tdc/PAMPA_NCATS,tdc,classification,near_train_analogues,17.0,0.0417690417690417
tdc/PAMPA_NCATS,tdc,classification,same_scaffold_test,,
tdc/PAMPA_NCATS,tdc,classification,audit_clean_test,,
tdc/PPBR_AZ,tdc,regression,rows_test,323.0,0.2001239157372986
tdc/PPBR_AZ,tdc,regression,test_label_conflicts,1.0,0.0030959752321981
tdc/PPBR_AZ,tdc,regression,exact_test_leaks,2.0,0.0061919504643962
tdc/PPBR_AZ,tdc,regression,near_train_analogues,37.0,0.1145510835913312
tdc/PPBR_AZ,tdc,regression,same_scaffold_test,,
tdc/PPBR_AZ,tdc,regression,audit_clean_test,,
tdc/Pgp_Broccatelli,tdc,classification,rows_test,244.0,0.200493015612161
tdc/Pgp_Broccatelli,tdc,classification,test_label_conflicts,0.0,0.0
tdc/Pgp_Broccatelli,tdc,classification,exact_test_leaks,3.0,0.0122950819672131
tdc/Pgp_Broccatelli,tdc,classification,near_train_analogues,43.0,0.1762295081967213
tdc/Pgp_Broccatelli,tdc,classification,same_scaffold_test,,
tdc/Pgp_Broccatelli,tdc,classification,audit_clean_test,,
tdc/Solubility_AqSolDB,tdc,regression,rows_test,1996.0,0.2000200420883856
tdc/Solubility_AqSolDB,tdc,regression,test_label_conflicts,116.0,0.0581162324649298
tdc/Solubility_AqSolDB,tdc,regression,exact_test_leaks,162.0,0.0811623246492986
tdc/Solubility_AqSolDB,tdc,regression,near_train_analogues,375.0,0.187875751503006
tdc/Solubility_AqSolDB,tdc,regression,same_scaffold_test,,
tdc/Solubility_AqSolDB,tdc,regression,audit_clean_test,,
tdc/VDss_Lombardo,tdc,regression,rows_test,215.0,0.1961678832116788
tdc/VDss_Lombardo,tdc,regression,test_label_conflicts,3.0,0.013953488372093
tdc/VDss_Lombardo,tdc,regression,exact_test_leaks,7.0,0.0325581395348837
tdc/VDss_Lombardo,tdc,regression,near_train_analogues,12.0,0.055813953488372
tdc/VDss_Lombardo,tdc,regression,same_scaffold_test,,
tdc/VDss_Lombardo,tdc,regression,audit_clean_test,,
