mode,target_rate,mean_delta,median_delta,ci_lower,ci_upper,fraction_delta_positive,dataset,family,task,metric_name,sota_model,baseline_model
clean_reference,0.0,0.0217323327079423,0.0217323327079423,0.0217323327079423,0.0217323327079423,1.0,moleculenet/MoleculeNet-BACE,moleculenet,classification,auroc,lgbm_advanced,ecfp_rf
leakage_curve,0.0,0.0235650887573964,0.0207100591715977,-0.0147928994082841,0.0621301775147928,0.885,moleculenet/MoleculeNet-BACE,moleculenet,classification,auroc,lgbm_advanced,ecfp_rf
leakage_curve,0.05,0.0234957142857142,0.0228571428571427,-0.0157499999999999,0.0657142857142856,0.866,moleculenet/MoleculeNet-BACE,moleculenet,classification,auroc,lgbm_advanced,ecfp_rf
leakage_curve,0.1,0.0267499999999999,0.0257142857142858,-0.0115,0.0714285714285714,0.886,moleculenet/MoleculeNet-BACE,moleculenet,classification,auroc,lgbm_advanced,ecfp_rf
leakage_curve,0.25,0.0316114285714285,0.0285714285714286,-0.0086071428571429,0.0742857142857142,0.938,moleculenet/MoleculeNet-BACE,moleculenet,classification,auroc,lgbm_advanced,ecfp_rf
leakage_curve,0.5,0.0373458333333333,0.0361111111111111,0.0027430555555554,0.073611111111111,0.98,moleculenet/MoleculeNet-BACE,moleculenet,classification,auroc,lgbm_advanced,ecfp_rf
leakage_curve,0.75,0.0422985714285714,0.0414285714285714,0.0185714285714285,0.0642857142857141,1.0,moleculenet/MoleculeNet-BACE,moleculenet,classification,auroc,lgbm_advanced,ecfp_rf
leakage_curve,observed,0.0295614285714285,0.0285714285714285,-0.0114285714285713,0.0714285714285714,0.925,moleculenet/MoleculeNet-BACE,moleculenet,classification,auroc,lgbm_advanced,ecfp_rf
observed_composition,observed,0.0277557494052339,0.0277557494052339,0.0277557494052339,0.0277557494052339,1.0,moleculenet/MoleculeNet-BACE,moleculenet,classification,auroc,lgbm_advanced,ecfp_rf
random_matched_control,0.0,0.0274157142857142,0.0271428571428571,-0.0142857142857143,0.0714285714285714,0.88,moleculenet/MoleculeNet-BACE,moleculenet,classification,auroc,lgbm_advanced,ecfp_rf
random_matched_control,0.05,0.02835,0.0271428571428572,-0.0114285714285714,0.072892857142857,0.893,moleculenet/MoleculeNet-BACE,moleculenet,classification,auroc,lgbm_advanced,ecfp_rf
random_matched_control,0.1,0.0282271428571428,0.0285714285714285,-0.0142857142857142,0.0714285714285714,0.911,moleculenet/MoleculeNet-BACE,moleculenet,classification,auroc,lgbm_advanced,ecfp_rf
random_matched_control,0.25,0.0276242857142857,0.0271428571428572,-0.012857142857143,0.0742857142857142,0.896,moleculenet/MoleculeNet-BACE,moleculenet,classification,auroc,lgbm_advanced,ecfp_rf
random_matched_control,0.5,0.0270014285714285,0.0257142857142858,-0.017142857142857,0.0685714285714287,0.892,moleculenet/MoleculeNet-BACE,moleculenet,classification,auroc,lgbm_advanced,ecfp_rf
random_matched_control,0.75,0.0273257142857142,0.0257142857142858,-0.0142857142857143,0.0714285714285714,0.885,moleculenet/MoleculeNet-BACE,moleculenet,classification,auroc,lgbm_advanced,ecfp_rf
random_matched_control,observed,0.0278157142857142,0.0285714285714285,-0.0171785714285715,0.0728928571428573,0.892,moleculenet/MoleculeNet-BACE,moleculenet,classification,auroc,lgbm_advanced,ecfp_rf
clean_reference,0.0,0.0,0.0,0.0,0.0,0.0,moleculenet/MoleculeNet-BBBP,moleculenet,classification,auroc,ecfp_rf,ecfp_rf
leakage_curve,0.0,0.0,0.0,0.0,0.0,0.0,moleculenet/MoleculeNet-BBBP,moleculenet,classification,auroc,ecfp_rf,ecfp_rf
leakage_curve,0.05,0.0,0.0,0.0,0.0,0.0,moleculenet/MoleculeNet-BBBP,moleculenet,classification,auroc,ecfp_rf,ecfp_rf
leakage_curve,0.1,0.0,0.0,0.0,0.0,0.0,moleculenet/MoleculeNet-BBBP,moleculenet,classification,auroc,ecfp_rf,ecfp_rf
leakage_curve,0.25,0.0,0.0,0.0,0.0,0.0,moleculenet/MoleculeNet-BBBP,moleculenet,classification,auroc,ecfp_rf,ecfp_rf
leakage_curve,0.5,0.0,0.0,0.0,0.0,0.0,moleculenet/MoleculeNet-BBBP,moleculenet,classification,auroc,ecfp_rf,ecfp_rf
leakage_curve,0.75,0.0,0.0,0.0,0.0,0.0,moleculenet/MoleculeNet-BBBP,moleculenet,classification,auroc,ecfp_rf,ecfp_rf
leakage_curve,observed,0.0,0.0,0.0,0.0,0.0,moleculenet/MoleculeNet-BBBP,moleculenet,classification,auroc,ecfp_rf,ecfp_rf
observed_composition,observed,0.0,0.0,0.0,0.0,0.0,moleculenet/MoleculeNet-BBBP,moleculenet,classification,auroc,ecfp_rf,ecfp_rf
random_matched_control,0.0,0.0,0.0,0.0,0.0,0.0,moleculenet/MoleculeNet-BBBP,moleculenet,classification,auroc,ecfp_rf,ecfp_rf
random_matched_control,0.05,0.0,0.0,0.0,0.0,0.0,moleculenet/MoleculeNet-BBBP,moleculenet,classification,auroc,ecfp_rf,ecfp_rf
random_matched_control,0.1,0.0,0.0,0.0,0.0,0.0,moleculenet/MoleculeNet-BBBP,moleculenet,classification,auroc,ecfp_rf,ecfp_rf
random_matched_control,0.25,0.0,0.0,0.0,0.0,0.0,moleculenet/MoleculeNet-BBBP,moleculenet,classification,auroc,ecfp_rf,ecfp_rf
random_matched_control,0.5,0.0,0.0,0.0,0.0,0.0,moleculenet/MoleculeNet-BBBP,moleculenet,classification,auroc,ecfp_rf,ecfp_rf
random_matched_control,0.75,0.0,0.0,0.0,0.0,0.0,moleculenet/MoleculeNet-BBBP,moleculenet,classification,auroc,ecfp_rf,ecfp_rf
random_matched_control,observed,0.0,0.0,0.0,0.0,0.0,moleculenet/MoleculeNet-BBBP,moleculenet,classification,auroc,ecfp_rf,ecfp_rf
clean_reference,0.0,0.0471651541033288,0.0471651541033288,0.0471651541033288,0.0471651541033288,1.0,moleculenet/MoleculeNet-ESOL,moleculenet,regression,rmse,lgbm_advanced,ecfp_rf
leakage_curve,0.0,0.047498058113974,0.0390162059934581,-0.1426112168111624,0.2809417541798751,0.643,moleculenet/MoleculeNet-ESOL,moleculenet,regression,rmse,lgbm_advanced,ecfp_rf
leakage_curve,0.05,0.070677065204655,0.0622308213218959,-0.122953114999216,0.3011974000430699,0.707,moleculenet/MoleculeNet-ESOL,moleculenet,regression,rmse,lgbm_advanced,ecfp_rf
leakage_curve,0.1,0.0600787289954333,0.0550137468101614,-0.1580315683523395,0.2819461933307789,0.662,moleculenet/MoleculeNet-ESOL,moleculenet,regression,rmse,lgbm_advanced,ecfp_rf
leakage_curve,0.25,0.0792650624392779,0.0715295935591089,-0.145438968904576,0.3227731331447856,0.738,moleculenet/MoleculeNet-ESOL,moleculenet,regression,rmse,lgbm_advanced,ecfp_rf
leakage_curve,0.5,0.0989606448405547,0.0918077609739007,-0.1223070008267057,0.3301981241930762,0.82,moleculenet/MoleculeNet-ESOL,moleculenet,regression,rmse,lgbm_advanced,ecfp_rf
leakage_curve,0.75,0.1396893202060467,0.1296204296491097,0.0499794277216413,0.3195918472404263,1.0,moleculenet/MoleculeNet-ESOL,moleculenet,regression,rmse,lgbm_advanced,ecfp_rf
leakage_curve,observed,0.0563570158812276,0.0507302633800647,-0.1420038803236331,0.2791575883800086,0.685,moleculenet/MoleculeNet-ESOL,moleculenet,regression,rmse,lgbm_advanced,ecfp_rf
observed_composition,observed,0.0555637663493234,0.0555637663493234,0.0555637663493234,0.0555637663493234,1.0,moleculenet/MoleculeNet-ESOL,moleculenet,regression,rmse,lgbm_advanced,ecfp_rf
random_matched_control,0.0,0.0519245410835105,0.0470877173509131,-0.2000542394370593,0.3388764410725501,0.634,moleculenet/MoleculeNet-ESOL,moleculenet,regression,rmse,lgbm_advanced,ecfp_rf
random_matched_control,0.05,0.0542892766042082,0.0446205895288173,-0.1880755986670712,0.3475665441245468,0.623,moleculenet/MoleculeNet-ESOL,moleculenet,regression,rmse,lgbm_advanced,ecfp_rf
random_matched_control,0.1,0.0517806820431176,0.0510581234936202,-0.2033128016597742,0.3353978816361732,0.626,moleculenet/MoleculeNet-ESOL,moleculenet,regression,rmse,lgbm_advanced,ecfp_rf
random_matched_control,0.25,0.0567923359741542,0.0486760560527249,-0.2092934406768831,0.3522670545752096,0.644,moleculenet/MoleculeNet-ESOL,moleculenet,regression,rmse,lgbm_advanced,ecfp_rf
random_matched_control,0.5,0.0587606153398069,0.0605173941667134,-0.1931136618557367,0.3430432921219984,0.649,moleculenet/MoleculeNet-ESOL,moleculenet,regression,rmse,lgbm_advanced,ecfp_rf
random_matched_control,0.75,0.0539862976560605,0.0524767687367161,-0.2043418689830221,0.324941039093979,0.64,moleculenet/MoleculeNet-ESOL,moleculenet,regression,rmse,lgbm_advanced,ecfp_rf
random_matched_control,observed,0.05230304875793,0.0497960434107386,-0.213706213469123,0.326252296408405,0.627,moleculenet/MoleculeNet-ESOL,moleculenet,regression,rmse,lgbm_advanced,ecfp_rf
clean_reference,0.0,0.2645298318431627,0.2645298318431626,0.2645298318431626,0.2645298318431626,1.0,moleculenet/MoleculeNet-FreeSolv,moleculenet,regression,rmse,lgbm_advanced,ecfp_rf
leakage_curve,0.0,0.2413696605530416,0.2850792220783955,-0.2386900621026651,0.6196862129781926,0.802,moleculenet/MoleculeNet-FreeSolv,moleculenet,regression,rmse,lgbm_advanced,ecfp_rf
leakage_curve,0.05,0.2689272144191129,0.3007868263113931,-0.2526999102983536,0.6365956234501787,0.856,moleculenet/MoleculeNet-FreeSolv,moleculenet,regression,rmse,lgbm_advanced,ecfp_rf
leakage_curve,0.1,0.2892985382077624,0.3182554676050306,-0.2058125723156502,0.6276101147711088,0.881,moleculenet/MoleculeNet-FreeSolv,moleculenet,regression,rmse,lgbm_advanced,ecfp_rf
leakage_curve,0.25,0.1653805951814792,0.1784544920411883,-0.3326729094140938,0.6073482973104875,0.718,moleculenet/MoleculeNet-FreeSolv,moleculenet,regression,rmse,lgbm_advanced,ecfp_rf
leakage_curve,0.5,0.1979818555400905,0.1970184604881228,-0.3160439334661963,0.6087728315126293,0.757,moleculenet/MoleculeNet-FreeSolv,moleculenet,regression,rmse,lgbm_advanced,ecfp_rf
leakage_curve,0.75,0.0748378657480847,0.0614665552837174,-0.4707419782026058,0.5667959725862519,0.602,moleculenet/MoleculeNet-FreeSolv,moleculenet,regression,rmse,lgbm_advanced,ecfp_rf
leakage_curve,observed,0.2577698826003786,0.2981558863247819,-0.247230065905764,0.6408427161759407,0.819,moleculenet/MoleculeNet-FreeSolv,moleculenet,regression,rmse,lgbm_advanced,ecfp_rf
observed_composition,observed,0.3243835471436211,0.3243835471436211,0.3243835471436211,0.3243835471436211,1.0,moleculenet/MoleculeNet-FreeSolv,moleculenet,regression,rmse,lgbm_advanced,ecfp_rf
random_matched_control,0.0,0.3182775033784114,0.3397294688430228,-0.2299995899814547,0.796785718647594,0.859,moleculenet/MoleculeNet-FreeSolv,moleculenet,regression,rmse,lgbm_advanced,ecfp_rf
random_matched_control,0.05,0.3233715545771972,0.3466400913975843,-0.261807024908433,0.7992415289837845,0.848,moleculenet/MoleculeNet-FreeSolv,moleculenet,regression,rmse,lgbm_advanced,ecfp_rf
random_matched_control,0.1,0.3225251075925304,0.3502450010718099,-0.2342719394564881,0.8101298462007271,0.853,moleculenet/MoleculeNet-FreeSolv,moleculenet,regression,rmse,lgbm_advanced,ecfp_rf
random_matched_control,0.25,0.3185992226085114,0.3438064416565781,-0.2418705648781813,0.8145543160403931,0.853,moleculenet/MoleculeNet-FreeSolv,moleculenet,regression,rmse,lgbm_advanced,ecfp_rf
random_matched_control,0.5,0.3213733775862004,0.340836997546549,-0.2211157116535259,0.787908697670017,0.875,moleculenet/MoleculeNet-FreeSolv,moleculenet,regression,rmse,lgbm_advanced,ecfp_rf
random_matched_control,0.75,0.3255730143104275,0.3482196489378011,-0.2420087214120864,0.8110907456146201,0.871,moleculenet/MoleculeNet-FreeSolv,moleculenet,regression,rmse,lgbm_advanced,ecfp_rf
random_matched_control,observed,0.333744480397237,0.3592695534902855,-0.2250272432277414,0.8055096213744912,0.864,moleculenet/MoleculeNet-FreeSolv,moleculenet,regression,rmse,lgbm_advanced,ecfp_rf
clean_reference,0.0,0.0037444958351359,0.0037444958351359,0.0037444958351359,0.0037444958351359,1.0,moleculenet/MoleculeNet-HIV,moleculenet,classification,auroc,lgbm_advanced,ecfp_rf
conflict_curve,0.0,,,,,0.0,moleculenet/MoleculeNet-HIV,moleculenet,classification,auroc,lgbm_advanced,ecfp_rf
conflict_curve,0.05,,,,,0.0,moleculenet/MoleculeNet-HIV,moleculenet,classification,auroc,lgbm_advanced,ecfp_rf
conflict_curve,0.1,,,,,0.0,moleculenet/MoleculeNet-HIV,moleculenet,classification,auroc,lgbm_advanced,ecfp_rf
conflict_curve,0.25,0.4118181818181818,0.5,-0.0909090909090909,0.7727272727272727,0.865,moleculenet/MoleculeNet-HIV,moleculenet,classification,auroc,lgbm_advanced,ecfp_rf
conflict_curve,0.5,0.298375,0.3,0.05,0.55,0.99,moleculenet/MoleculeNet-HIV,moleculenet,classification,auroc,lgbm_advanced,ecfp_rf
conflict_curve,0.75,0.1622222222222222,0.1666666666666666,0.0185185185185185,0.2777777777777778,0.983,moleculenet/MoleculeNet-HIV,moleculenet,classification,auroc,lgbm_advanced,ecfp_rf
conflict_curve,observed,,,,,0.0,moleculenet/MoleculeNet-HIV,moleculenet,classification,auroc,lgbm_advanced,ecfp_rf
leakage_curve,0.0,0.0034570082449941,0.0010797016097369,-0.1469130349430704,0.1715793089909697,0.507,moleculenet/MoleculeNet-HIV,moleculenet,classification,auroc,lgbm_advanced,ecfp_rf
leakage_curve,0.05,-0.0052923758865248,-0.0048758865248226,-0.1460992907801417,0.129078014184397,0.478,moleculenet/MoleculeNet-HIV,moleculenet,classification,auroc,lgbm_advanced,ecfp_rf
leakage_curve,0.1,-0.0063423758865248,-0.0060283687943262,-0.1475221631205672,0.1328501773049644,0.47,moleculenet/MoleculeNet-HIV,moleculenet,classification,auroc,lgbm_advanced,ecfp_rf
leakage_curve,0.25,-0.016093439716312,-0.0152482269503546,-0.1489893617021276,0.1056959219858155,0.41,moleculenet/MoleculeNet-HIV,moleculenet,classification,auroc,lgbm_advanced,ecfp_rf
leakage_curve,0.5,-0.0463455673758865,-0.0444148936170213,-0.1633067375886524,0.0608200354609929,0.213,moleculenet/MoleculeNet-HIV,moleculenet,classification,auroc,lgbm_advanced,ecfp_rf
leakage_curve,0.75,-0.0718262411347517,-0.061790780141844,-0.1452216312056736,-0.0118794326241135,0.019,moleculenet/MoleculeNet-HIV,moleculenet,classification,auroc,lgbm_advanced,ecfp_rf
leakage_curve,observed,0.0003281914893617,0.0016843971631205,-0.1627703900709219,0.1643971631205674,0.509,moleculenet/MoleculeNet-HIV,moleculenet,classification,auroc,lgbm_advanced,ecfp_rf
observed_composition,observed,0.007815390307066,0.007815390307066,0.007815390307066,0.007815390307066,1.0,moleculenet/MoleculeNet-HIV,moleculenet,classification,auroc,lgbm_advanced,ecfp_rf
random_matched_control,0.0,0.0068134751773049,0.0064716312056737,-0.1454078014184395,0.1651196808510638,0.268,moleculenet/MoleculeNet-HIV,moleculenet,classification,auroc,lgbm_advanced,ecfp_rf
random_matched_control,0.05,0.0084074468085106,0.0063829787234042,-0.151241134751773,0.1705718085106383,0.264,moleculenet/MoleculeNet-HIV,moleculenet,classification,auroc,lgbm_advanced,ecfp_rf
random_matched_control,0.1,0.0124845744680851,0.0096631205673758,-0.1344148936170213,0.1686214539007092,0.2745,moleculenet/MoleculeNet-HIV,moleculenet,classification,auroc,lgbm_advanced,ecfp_rf
random_matched_control,0.25,0.0056687943262411,0.0027482269503545,-0.1418484042553191,0.1676285460992906,0.2565,moleculenet/MoleculeNet-HIV,moleculenet,classification,auroc,lgbm_advanced,ecfp_rf
random_matched_control,0.5,0.0067881205673758,0.0057624113475177,-0.1386746453900708,0.1569680851063829,0.261,moleculenet/MoleculeNet-HIV,moleculenet,classification,auroc,lgbm_advanced,ecfp_rf
random_matched_control,0.75,0.0084998226950354,0.0069148936170213,-0.1383377659574468,0.1620789007092198,0.269,moleculenet/MoleculeNet-HIV,moleculenet,classification,auroc,lgbm_advanced,ecfp_rf
random_matched_control,observed,0.0081581560283687,0.0048758865248226,-0.1349512411347518,0.1667065602836879,0.2615,moleculenet/MoleculeNet-HIV,moleculenet,classification,auroc,lgbm_advanced,ecfp_rf
clean_reference,0.0,0.088368068232993,0.088368068232993,0.088368068232993,0.088368068232993,1.0,moleculenet/MoleculeNet-Lipophilicity,moleculenet,regression,rmse,lgbm_advanced,ecfp_rf
leakage_curve,0.0,0.0870136875006713,0.0885097230969266,0.0031650679645384,0.1711463916253322,0.98,moleculenet/MoleculeNet-Lipophilicity,moleculenet,regression,rmse,lgbm_advanced,ecfp_rf
leakage_curve,0.05,0.0806693693237253,0.0795498906823099,0.0017469874259155,0.1629729393586426,0.978,moleculenet/MoleculeNet-Lipophilicity,moleculenet,regression,rmse,lgbm_advanced,ecfp_rf
leakage_curve,0.1,0.0795953640986036,0.0786313392818499,-0.0013681925002293,0.1632761063549151,0.973,moleculenet/MoleculeNet-Lipophilicity,moleculenet,regression,rmse,lgbm_advanced,ecfp_rf
leakage_curve,0.25,0.0686754845829924,0.0685854920545913,-0.015263842323714,0.1482879773201974,0.944,moleculenet/MoleculeNet-Lipophilicity,moleculenet,regression,rmse,lgbm_advanced,ecfp_rf
leakage_curve,0.5,0.0438036673822163,0.0434133351771258,-0.0391429943961525,0.1272228977763427,0.865,moleculenet/MoleculeNet-Lipophilicity,moleculenet,regression,rmse,lgbm_advanced,ecfp_rf
leakage_curve,0.75,0.0166765590811896,0.0175383344718198,-0.0499519167965448,0.0793862441748132,0.689,moleculenet/MoleculeNet-Lipophilicity,moleculenet,regression,rmse,lgbm_advanced,ecfp_rf
leakage_curve,observed,0.0732177275461771,0.073890128724416,-0.0116214380687786,0.1551016863730676,0.955,moleculenet/MoleculeNet-Lipophilicity,moleculenet,regression,rmse,lgbm_advanced,ecfp_rf
observed_composition,observed,0.0641372882465981,0.0641372882465981,0.0641372882465981,0.0641372882465981,1.0,moleculenet/MoleculeNet-Lipophilicity,moleculenet,regression,rmse,lgbm_advanced,ecfp_rf
random_matched_control,0.0,0.0661520084711819,0.066003408572509,-0.0153891596113256,0.1525321724546333,0.94,moleculenet/MoleculeNet-Lipophilicity,moleculenet,regression,rmse,lgbm_advanced,ecfp_rf
random_matched_control,0.05,0.0625332550300696,0.0635446404248363,-0.0172549631405931,0.1448470557049299,0.923,moleculenet/MoleculeNet-Lipophilicity,moleculenet,regression,rmse,lgbm_advanced,ecfp_rf
random_matched_control,0.1,0.065848390171719,0.0672458221689288,-0.0204174016621288,0.1449152963040694,0.933,moleculenet/MoleculeNet-Lipophilicity,moleculenet,regression,rmse,lgbm_advanced,ecfp_rf
random_matched_control,0.25,0.0655247718226067,0.0654478698691683,-0.0159517938308436,0.1485288507799371,0.939,moleculenet/MoleculeNet-Lipophilicity,moleculenet,regression,rmse,lgbm_advanced,ecfp_rf
random_matched_control,0.5,0.065182108916304,0.0670285773588368,-0.0245231430362757,0.150686633655011,0.917,moleculenet/MoleculeNet-Lipophilicity,moleculenet,regression,rmse,lgbm_advanced,ecfp_rf
random_matched_control,0.75,0.0653186850200258,0.0658562930127745,-0.0277542538295091,0.150309460486982,0.932,moleculenet/MoleculeNet-Lipophilicity,moleculenet,regression,rmse,lgbm_advanced,ecfp_rf
random_matched_control,observed,0.0645341378391564,0.0668148530587353,-0.0203147559862651,0.1461259644817438,0.921,moleculenet/MoleculeNet-Lipophilicity,moleculenet,regression,rmse,lgbm_advanced,ecfp_rf
clean_reference,0.0,0.004779189352692,0.004779189352692,0.004779189352692,0.004779189352692,1.0,tdc/BBB_Martins,tdc,classification,auroc,lgbm_basic,ecfp_rf
conflict_curve,0.0,0.0105,0.0,-0.4,0.3,0.301,tdc/BBB_Martins,tdc,classification,auroc,lgbm_basic,ecfp_rf
conflict_curve,0.05,0.0045,0.0,-0.4,0.3024999999999977,0.29,tdc/BBB_Martins,tdc,classification,auroc,lgbm_basic,ecfp_rf
conflict_curve,0.1,0.1004999999999999,0.0833333333333333,-0.1677083333333333,0.4166666666666667,0.63,tdc/BBB_Martins,tdc,classification,auroc,lgbm_basic,ecfp_rf
conflict_curve,0.25,0.09765,0.0999999999999999,-0.2,0.4,0.602,tdc/BBB_Martins,tdc,classification,auroc,lgbm_basic,ecfp_rf
conflict_curve,0.5,0.0740416666666666,0.0833333333333333,-0.1666666666666666,0.3333333333333333,0.62,tdc/BBB_Martins,tdc,classification,auroc,lgbm_basic,ecfp_rf
conflict_curve,0.75,0.0535,0.0833333333333333,-0.1666666666666666,0.25,0.557,tdc/BBB_Martins,tdc,classification,auroc,lgbm_basic,ecfp_rf
conflict_curve,observed,-0.0013999999999999,0.0,-0.4,0.3,0.271,tdc/BBB_Martins,tdc,classification,auroc,lgbm_basic,ecfp_rf
leakage_curve,0.0,0.005476923076923,0.005982905982906,-0.0803846153846155,0.0923290598290598,0.55,tdc/BBB_Martins,tdc,classification,auroc,lgbm_basic,ecfp_rf
leakage_curve,0.05,0.0008508928571428,0.0035714285714285,-0.0928794642857143,0.0821428571428571,0.535,tdc/BBB_Martins,tdc,classification,auroc,lgbm_basic,ecfp_rf
leakage_curve,0.1,0.00058547008547,-0.0008547008547009,-0.0820512820512819,0.0803418803418803,0.483,tdc/BBB_Martins,tdc,classification,auroc,lgbm_basic,ecfp_rf
leakage_curve,0.25,-0.0120375234521575,-0.0084427767354597,-0.1069652908067541,0.0656660412757973,0.428,tdc/BBB_Martins,tdc,classification,auroc,lgbm_basic,ecfp_rf
leakage_curve,0.5,-0.0215843253968253,-0.0158730158730159,-0.1031746031746031,0.0397073412698412,0.296,tdc/BBB_Martins,tdc,classification,auroc,lgbm_basic,ecfp_rf
leakage_curve,0.75,-0.0249261363636363,-0.0136363636363636,-0.1034374999999999,0.0181818181818181,0.189,tdc/BBB_Martins,tdc,classification,auroc,lgbm_basic,ecfp_rf
leakage_curve,observed,0.0008846153846153,0.0017094017094017,-0.0837606837606836,0.0769444444444444,0.515,tdc/BBB_Martins,tdc,classification,auroc,lgbm_basic,ecfp_rf
observed_composition,observed,0.013759403330547,0.013759403330547,0.013759403330547,0.013759403330547,1.0,tdc/BBB_Martins,tdc,classification,auroc,lgbm_basic,ecfp_rf
random_matched_control,0.0,0.0144526785714285,0.0,-0.2,0.3,0.448,tdc/BBB_Martins,tdc,classification,auroc,lgbm_basic,ecfp_rf
random_matched_control,0.05,0.0129241071428571,0.0,-0.2,0.3,0.4445,tdc/BBB_Martins,tdc,classification,auroc,lgbm_basic,ecfp_rf
random_matched_control,0.1,0.0147267857142857,0.0,-0.1999999999999999,0.25,0.4475,tdc/BBB_Martins,tdc,classification,auroc,lgbm_basic,ecfp_rf
random_matched_control,0.25,0.0135383928571428,0.0,-0.2,0.2999999999999999,0.4495,tdc/BBB_Martins,tdc,classification,auroc,lgbm_basic,ecfp_rf
random_matched_control,0.5,0.0136017857142857,0.0,-0.2,0.2,0.453,tdc/BBB_Martins,tdc,classification,auroc,lgbm_basic,ecfp_rf
random_matched_control,0.75,0.0164741071428571,0.0,-0.1999999999999999,0.25,0.4555,tdc/BBB_Martins,tdc,classification,auroc,lgbm_basic,ecfp_rf
random_matched_control,observed,0.0138424107142857,0.0,-0.2,0.2499999999999999,0.456,tdc/BBB_Martins,tdc,classification,auroc,lgbm_basic,ecfp_rf
clean_reference,0.0,0.0395299145299145,0.0395299145299145,0.0395299145299145,0.0395299145299145,1.0,tdc/Bioavailability_Ma,tdc,classification,auroc,ecfp_linear,ecfp_rf
leakage_curve,0.0,0.0628333333333333,0.0,-0.3333333333333333,0.6666666666666667,0.258,tdc/Bioavailability_Ma,tdc,classification,auroc,ecfp_linear,ecfp_rf
leakage_curve,0.05,0.0406666666666666,0.0,-0.3333333333333333,0.6666666666666667,0.229,tdc/Bioavailability_Ma,tdc,classification,auroc,ecfp_linear,ecfp_rf
leakage_curve,0.1,0.0348333333333333,0.0,-0.6666666666666666,0.6666666666666667,0.218,tdc/Bioavailability_Ma,tdc,classification,auroc,ecfp_linear,ecfp_rf
leakage_curve,0.25,0.064,0.0,-0.3333333333333333,0.6666666666666667,0.247,tdc/Bioavailability_Ma,tdc,classification,auroc,ecfp_linear,ecfp_rf
leakage_curve,0.5,0.0325,0.0,-0.25,0.5,0.182,tdc/Bioavailability_Ma,tdc,classification,auroc,ecfp_linear,ecfp_rf
leakage_curve,0.75,0.0,0.0,0.0,0.0,0.0,tdc/Bioavailability_Ma,tdc,classification,auroc,ecfp_linear,ecfp_rf
leakage_curve,observed,0.0455,0.0,-0.6666666666666666,0.6666666666666667,0.23,tdc/Bioavailability_Ma,tdc,classification,auroc,ecfp_linear,ecfp_rf
observed_composition,observed,0.0897660818713449,0.0897660818713449,0.0897660818713449,0.0897660818713449,1.0,tdc/Bioavailability_Ma,tdc,classification,auroc,ecfp_linear,ecfp_rf
random_matched_control,0.0,0.0751666666666666,0.0,-0.6666666666666666,0.6666666666666667,0.3,tdc/Bioavailability_Ma,tdc,classification,auroc,ecfp_linear,ecfp_rf
random_matched_control,0.05,0.0903333333333333,0.0,-0.3416666666666662,0.6666666666666667,0.305,tdc/Bioavailability_Ma,tdc,classification,auroc,ecfp_linear,ecfp_rf
random_matched_control,0.1,0.0896666666666666,0.0,-0.3333333333333333,0.6666666666666667,0.296,tdc/Bioavailability_Ma,tdc,classification,auroc,ecfp_linear,ecfp_rf
random_matched_control,0.25,0.1016666666666666,0.0,-0.6666666666666666,1.0,0.31,tdc/Bioavailability_Ma,tdc,classification,auroc,ecfp_linear,ecfp_rf
random_matched_control,0.5,0.0963333333333333,0.0,-0.3333333333333333,0.6666666666666667,0.302,tdc/Bioavailability_Ma,tdc,classification,auroc,ecfp_linear,ecfp_rf
random_matched_control,0.75,0.0855,0.0,-0.3333333333333333,0.6666666666666667,0.298,tdc/Bioavailability_Ma,tdc,classification,auroc,ecfp_linear,ecfp_rf
random_matched_control,observed,0.109,0.0,-0.3333333333333333,1.0,0.307,tdc/Bioavailability_Ma,tdc,classification,auroc,ecfp_linear,ecfp_rf
clean_reference,0.0,0.0161592614422801,0.0161592614422801,0.0161592614422801,0.0161592614422801,1.0,tdc/CYP1A2_Veith,tdc,classification,auroc,lgbm_advanced,ecfp_rf
conflict_curve,0.0,0.01525,0.0,-0.5,0.5,0.084,tdc/CYP1A2_Veith,tdc,classification,auroc,lgbm_advanced,ecfp_rf
conflict_curve,0.05,0.02125,0.0,-0.5,0.5,0.092,tdc/CYP1A2_Veith,tdc,classification,auroc,lgbm_advanced,ecfp_rf
conflict_curve,0.1,0.02075,0.0,-0.5,0.5,0.09,tdc/CYP1A2_Veith,tdc,classification,auroc,lgbm_advanced,ecfp_rf
conflict_curve,0.25,0.18575,0.0,-0.2562499999999996,1.0,0.368,tdc/CYP1A2_Veith,tdc,classification,auroc,lgbm_advanced,ecfp_rf
conflict_curve,0.5,,,,,0.0,tdc/CYP1A2_Veith,tdc,classification,auroc,lgbm_advanced,ecfp_rf
conflict_curve,0.75,,,,,0.0,tdc/CYP1A2_Veith,tdc,classification,auroc,lgbm_advanced,ecfp_rf
conflict_curve,observed,0.011,0.0,-0.5,0.5,0.076,tdc/CYP1A2_Veith,tdc,classification,auroc,lgbm_advanced,ecfp_rf
leakage_curve,0.0,0.0164992907801418,0.016176967240797,-0.0050700776764606,0.0386068895643363,0.942,tdc/CYP1A2_Veith,tdc,classification,auroc,lgbm_advanced,ecfp_rf
leakage_curve,0.05,0.0144416117862719,0.0142406137551768,-0.0061791363975831,0.03588498879761,0.907,tdc/CYP1A2_Veith,tdc,classification,auroc,lgbm_advanced,ecfp_rf
leakage_curve,0.1,0.0132663058278867,0.0130038126361655,-0.0061674496187364,0.0354098583877997,0.892,tdc/CYP1A2_Veith,tdc,classification,auroc,lgbm_advanced,ecfp_rf
leakage_curve,0.25,0.0095016951497958,0.0094444060056735,-0.00806839410503,0.0266865010724416,0.856,tdc/CYP1A2_Veith,tdc,classification,auroc,lgbm_advanced,ecfp_rf
leakage_curve,0.5,0.0064591484464902,0.0066168009205984,-0.0073360184119676,0.019888161680092,0.835,tdc/CYP1A2_Veith,tdc,classification,auroc,lgbm_advanced,ecfp_rf
leakage_curve,0.75,0.006135412718866,0.0063291139240506,-0.001782195103464,0.0131916546653529,0.934,tdc/CYP1A2_Veith,tdc,classification,auroc,lgbm_advanced,ecfp_rf
leakage_curve,observed,0.0141653540634123,0.0143254803448978,-0.0054662570439268,0.0347282571797136,0.914,tdc/CYP1A2_Veith,tdc,classification,auroc,lgbm_advanced,ecfp_rf
observed_composition,observed,0.0077716167701108,0.0077716167701108,0.0077716167701108,0.0077716167701108,1.0,tdc/CYP1A2_Veith,tdc,classification,auroc,lgbm_advanced,ecfp_rf
random_matched_control,0.0,0.0106362400530504,0.0,-0.0097496684350132,0.5,0.4295,tdc/CYP1A2_Veith,tdc,classification,auroc,lgbm_advanced,ecfp_rf
random_matched_control,0.05,0.0076535643236074,0.0,-0.0143252652519893,0.5,0.4305,tdc/CYP1A2_Veith,tdc,classification,auroc,lgbm_advanced,ecfp_rf
random_matched_control,0.1,0.009222198275862,0.0,-0.0102196618037134,0.5,0.445,tdc/CYP1A2_Veith,tdc,classification,auroc,lgbm_advanced,ecfp_rf
random_matched_control,0.25,0.005719147877984,0.0,-0.0127403846153846,0.5,0.434,tdc/CYP1A2_Veith,tdc,classification,auroc,lgbm_advanced,ecfp_rf
random_matched_control,0.5,0.0068275033156498,0.0,-0.0183413461538459,0.5,0.445,tdc/CYP1A2_Veith,tdc,classification,auroc,lgbm_advanced,ecfp_rf
random_matched_control,0.75,0.0098550895225464,0.0,-0.0106589854111405,0.5,0.449,tdc/CYP1A2_Veith,tdc,classification,auroc,lgbm_advanced,ecfp_rf
random_matched_control,observed,0.0082104277188329,0.0,-0.0120424403183023,0.5,0.4295,tdc/CYP1A2_Veith,tdc,classification,auroc,lgbm_advanced,ecfp_rf
clean_reference,0.0,-0.0024323053147887,-0.0024323053147887,-0.0024323053147887,-0.0024323053147887,0.0,tdc/CYP2C19_Veith,tdc,classification,auroc,lgbm_advanced,ecfp_rf
conflict_curve,0.0,0.001625,0.0,-0.5,0.25,0.145,tdc/CYP2C19_Veith,tdc,classification,auroc,lgbm_advanced,ecfp_rf
conflict_curve,0.05,-0.008125,0.0,-0.25,0.25,0.13,tdc/CYP2C19_Veith,tdc,classification,auroc,lgbm_advanced,ecfp_rf
conflict_curve,0.1,-0.0015,0.0,-0.25,0.25,0.146,tdc/CYP2C19_Veith,tdc,classification,auroc,lgbm_advanced,ecfp_rf
conflict_curve,0.25,0.03,0.0,-0.3333333333333333,0.3333333333333333,0.205,tdc/CYP2C19_Veith,tdc,classification,auroc,lgbm_advanced,ecfp_rf
conflict_curve,0.5,0.1085,0.0,-0.25,0.5,0.422,tdc/CYP2C19_Veith,tdc,classification,auroc,lgbm_advanced,ecfp_rf
conflict_curve,0.75,0.1136666666666666,0.0,0.0,0.3333333333333333,0.345,tdc/CYP2C19_Veith,tdc,classification,auroc,lgbm_advanced,ecfp_rf
conflict_curve,observed,-0.001625,0.0,-0.5,0.3781249999999971,0.136,tdc/CYP2C19_Veith,tdc,classification,auroc,lgbm_advanced,ecfp_rf
leakage_curve,0.0,-0.0022449220713926,-0.0026269482151834,-0.0260005027652085,0.0205982905982906,0.419,tdc/CYP2C19_Veith,tdc,classification,auroc,lgbm_advanced,ecfp_rf
leakage_curve,0.05,-0.0009352649504157,-0.0008639687468698,-0.0225007512771711,0.0200403185415205,0.467,tdc/CYP2C19_Veith,tdc,classification,auroc,lgbm_advanced,ecfp_rf
leakage_curve,0.1,-0.0007326836581709,-0.0005997001499251,-0.0232202648675661,0.0199650174912543,0.477,tdc/CYP2C19_Veith,tdc,classification,auroc,lgbm_advanced,ecfp_rf
leakage_curve,0.25,0.0028004511278195,0.0024937343358396,-0.0168427318295739,0.0219078947368421,0.601,tdc/CYP2C19_Veith,tdc,classification,auroc,lgbm_advanced,ecfp_rf
leakage_curve,0.5,0.0073548868636078,0.0074245757385293,-0.0084610046092604,0.0217119736015084,0.829,tdc/CYP2C19_Veith,tdc,classification,auroc,lgbm_advanced,ecfp_rf
leakage_curve,0.75,0.0102930975274725,0.0106599130036629,0.0006546188186813,0.0187728937728937,0.981,tdc/CYP2C19_Veith,tdc,classification,auroc,lgbm_advanced,ecfp_rf
leakage_curve,observed,-0.0002815218478152,0.0001499850014999,-0.0232233026697331,0.0214759774022597,0.506,tdc/CYP2C19_Veith,tdc,classification,auroc,lgbm_advanced,ecfp_rf
observed_composition,observed,0.0047684163538858,0.0047684163538858,0.0047684163538858,0.0047684163538858,1.0,tdc/CYP2C19_Veith,tdc,classification,auroc,lgbm_advanced,ecfp_rf
random_matched_control,0.0,0.0028432629462041,0.0,-0.25,0.25,0.3955,tdc/CYP2C19_Veith,tdc,classification,auroc,lgbm_advanced,ecfp_rf
random_matched_control,0.05,0.0043971970839617,0.0,-0.25,0.25,0.403,tdc/CYP2C19_Veith,tdc,classification,auroc,lgbm_advanced,ecfp_rf
random_matched_control,0.1,0.0056794306184012,0.0,-0.25,0.25,0.416,tdc/CYP2C19_Veith,tdc,classification,auroc,lgbm_advanced,ecfp_rf
random_matched_control,0.25,0.0015363310708898,0.0,-0.25,0.25,0.4015,tdc/CYP2C19_Veith,tdc,classification,auroc,lgbm_advanced,ecfp_rf
random_matched_control,0.5,0.0041212481146304,0.0,-0.25,0.25,0.3995,tdc/CYP2C19_Veith,tdc,classification,auroc,lgbm_advanced,ecfp_rf
random_matched_control,0.75,0.0082392848164906,0.0,-0.25,0.25,0.406,tdc/CYP2C19_Veith,tdc,classification,auroc,lgbm_advanced,ecfp_rf
random_matched_control,observed,0.0041456699346405,0.0,-0.25,0.25,0.4085,tdc/CYP2C19_Veith,tdc,classification,auroc,lgbm_advanced,ecfp_rf
clean_reference,0.0,0.0282939189189188,0.0282939189189188,0.0282939189189188,0.0282939189189188,1.0,tdc/CYP2C9_Substrate_CarbonMangels,tdc,classification,auroc,lgbm_basic,ecfp_rf
leakage_curve,0.0,0.0378333333333333,0.0,-0.5,0.5020833333333315,0.411,tdc/CYP2C9_Substrate_CarbonMangels,tdc,classification,auroc,lgbm_basic,ecfp_rf
leakage_curve,0.05,0.0413333333333333,0.0,-0.5000000000000001,0.5000000000000001,0.411,tdc/CYP2C9_Substrate_CarbonMangels,tdc,classification,auroc,lgbm_basic,ecfp_rf
leakage_curve,0.1,-0.0009166666666666,0.0,-0.6666666666666666,0.5,0.357,tdc/CYP2C9_Substrate_CarbonMangels,tdc,classification,auroc,lgbm_basic,ecfp_rf
leakage_curve,0.25,-0.0145,0.0,-0.6666666666666666,0.3333333333333333,0.313,tdc/CYP2C9_Substrate_CarbonMangels,tdc,classification,auroc,lgbm_basic,ecfp_rf
leakage_curve,0.5,-0.1187,-0.0999999999999999,-0.45,0.1499999999999999,0.159,tdc/CYP2C9_Substrate_CarbonMangels,tdc,classification,auroc,lgbm_basic,ecfp_rf
leakage_curve,0.75,-0.2078333333333333,-0.25,-0.4166666666666667,0.0833333333333333,0.044,tdc/CYP2C9_Substrate_CarbonMangels,tdc,classification,auroc,lgbm_basic,ecfp_rf
leakage_curve,observed,0.0309166666666666,0.0,-0.6666666666666666,0.5000000000000001,0.391,tdc/CYP2C9_Substrate_CarbonMangels,tdc,classification,auroc,lgbm_basic,ecfp_rf
observed_composition,observed,0.0607476635514018,0.0607476635514018,0.0607476635514018,0.0607476635514018,1.0,tdc/CYP2C9_Substrate_CarbonMangels,tdc,classification,auroc,lgbm_basic,ecfp_rf
random_matched_control,0.0,0.0610833333333333,0.0,-0.5,0.8333333333333334,0.41,tdc/CYP2C9_Substrate_CarbonMangels,tdc,classification,auroc,lgbm_basic,ecfp_rf
random_matched_control,0.05,0.0526666666666666,0.0,-0.5,0.6666666666666667,0.37,tdc/CYP2C9_Substrate_CarbonMangels,tdc,classification,auroc,lgbm_basic,ecfp_rf
random_matched_control,0.1,0.058,0.0,-0.6666666666666666,0.8333333333333334,0.402,tdc/CYP2C9_Substrate_CarbonMangels,tdc,classification,auroc,lgbm_basic,ecfp_rf
random_matched_control,0.25,0.0674166666666666,0.0,-0.5020833333333333,0.8333333333333334,0.4,tdc/CYP2C9_Substrate_CarbonMangels,tdc,classification,auroc,lgbm_basic,ecfp_rf
random_matched_control,0.5,0.07425,0.0,-0.5,0.6666666666666667,0.426,tdc/CYP2C9_Substrate_CarbonMangels,tdc,classification,auroc,lgbm_basic,ecfp_rf
random_matched_control,0.75,0.0620833333333333,0.0,-0.5854166666666666,0.6666666666666667,0.428,tdc/CYP2C9_Substrate_CarbonMangels,tdc,classification,auroc,lgbm_basic,ecfp_rf
random_matched_control,observed,0.0605,0.0,-0.6666666666666666,0.6687499999999982,0.411,tdc/CYP2C9_Substrate_CarbonMangels,tdc,classification,auroc,lgbm_basic,ecfp_rf
clean_reference,0.0,0.0137834463677161,0.0137834463677161,0.0137834463677161,0.0137834463677161,1.0,tdc/CYP2C9_Veith,tdc,classification,auroc,lgbm_advanced,ecfp_rf
conflict_curve,0.0,0.01675,0.0,-0.25,0.25,0.334,tdc/CYP2C9_Veith,tdc,classification,auroc,lgbm_advanced,ecfp_rf
conflict_curve,0.05,0.0134166666666666,0.0,-0.1666666666666667,0.25,0.308,tdc/CYP2C9_Veith,tdc,classification,auroc,lgbm_advanced,ecfp_rf
conflict_curve,0.1,0.06265,2.775557561562892e-17,-0.2,0.4,0.5,tdc/CYP2C9_Veith,tdc,classification,auroc,lgbm_advanced,ecfp_rf
conflict_curve,0.25,0.1147,0.0999999999999999,-0.2,0.4,0.662,tdc/CYP2C9_Veith,tdc,classification,auroc,lgbm_advanced,ecfp_rf
conflict_curve,0.5,0.1871999999999999,0.1999999999999999,-0.0999999999999999,0.3999999999999999,0.861,tdc/CYP2C9_Veith,tdc,classification,auroc,lgbm_advanced,ecfp_rf
conflict_curve,0.75,0.15355,0.2,-0.0999999999999999,0.3999999999999999,0.764,tdc/CYP2C9_Veith,tdc,classification,auroc,lgbm_advanced,ecfp_rf
conflict_curve,observed,0.0145416666666666,0.0,-0.1666666666666667,0.25,0.329,tdc/CYP2C9_Veith,tdc,classification,auroc,lgbm_advanced,ecfp_rf
leakage_curve,0.0,0.0132313474107591,0.0135746606334842,-0.0090805681246857,0.0350553041729512,0.877,tdc/CYP2C9_Veith,tdc,classification,auroc,lgbm_advanced,ecfp_rf
leakage_curve,0.05,0.0121960072595281,0.0120488001613228,-0.0088803186126234,0.0338280147207099,0.88,tdc/CYP2C9_Veith,tdc,classification,auroc,lgbm_advanced,ecfp_rf
leakage_curve,0.1,0.0117848331648129,0.0119817997977754,-0.007693377148635,0.0308670374115268,0.881,tdc/CYP2C9_Veith,tdc,classification,auroc,lgbm_advanced,ecfp_rf
leakage_curve,0.25,0.0095278571428571,0.0094642857142858,-0.0069974489795917,0.0276823979591836,0.867,tdc/CYP2C9_Veith,tdc,classification,auroc,lgbm_advanced,ecfp_rf
leakage_curve,0.5,0.0064782191069574,0.0067367601246104,-0.0059715732087228,0.0188492990654204,0.829,tdc/CYP2C9_Veith,tdc,classification,auroc,lgbm_advanced,ecfp_rf
leakage_curve,0.75,0.0047861420243773,0.0049019607843137,-0.0035241123476418,0.0119250132485426,0.869,tdc/CYP2C9_Veith,tdc,classification,auroc,lgbm_advanced,ecfp_rf
leakage_curve,observed,0.0124461324570272,0.012664307381193,-0.0076169110212335,0.0321543225480283,0.887,tdc/CYP2C9_Veith,tdc,classification,auroc,lgbm_advanced,ecfp_rf
observed_composition,observed,0.0105937538991245,0.0105937538991245,0.0105937538991245,0.0105937538991245,1.0,tdc/CYP2C9_Veith,tdc,classification,auroc,lgbm_advanced,ecfp_rf
random_matched_control,0.0,0.0114135648399348,0.0039473684210526,-0.15,0.1999999999999999,0.559,tdc/CYP2C9_Veith,tdc,classification,auroc,lgbm_advanced,ecfp_rf
random_matched_control,0.05,0.0129179734129137,0.0032555615843732,-0.1,0.1999999999999999,0.548,tdc/CYP2C9_Veith,tdc,classification,auroc,lgbm_advanced,ecfp_rf
random_matched_control,0.1,0.0148246473141616,0.0043543136190991,-0.1,0.2,0.561,tdc/CYP2C9_Veith,tdc,classification,auroc,lgbm_advanced,ecfp_rf
random_matched_control,0.25,0.0098208220293,0.0037167661421594,-0.1999999999999999,0.1999999999999999,0.5515,tdc/CYP2C9_Veith,tdc,classification,auroc,lgbm_advanced,ecfp_rf
random_matched_control,0.5,0.0111169289202387,0.0037303309820944,-0.1512499999999999,0.1999999999999999,0.556,tdc/CYP2C9_Veith,tdc,classification,auroc,lgbm_advanced,ecfp_rf
random_matched_control,0.75,0.0092503798155181,0.0038117200217037,-0.1999999999999999,0.1999999999999999,0.5485,tdc/CYP2C9_Veith,tdc,classification,auroc,lgbm_advanced,ecfp_rf
random_matched_control,observed,0.0119899077590884,0.004137276180141,-0.1,0.2,0.562,tdc/CYP2C9_Veith,tdc,classification,auroc,lgbm_advanced,ecfp_rf
clean_reference,0.0,0.0607843137254902,0.0607843137254902,0.0607843137254902,0.0607843137254902,1.0,tdc/CYP2D6_Substrate_CarbonMangels,tdc,classification,auroc,torch_mlp_basic,ecfp_rf
leakage_curve,0.0,0.0691,0.0,-0.4,0.6000000000000001,0.41,tdc/CYP2D6_Substrate_CarbonMangels,tdc,classification,auroc,torch_mlp_basic,ecfp_rf
leakage_curve,0.05,0.0576999999999999,0.0,-0.6,0.6000000000000001,0.38,tdc/CYP2D6_Substrate_CarbonMangels,tdc,classification,auroc,torch_mlp_basic,ecfp_rf
leakage_curve,0.1,0.0525999999999999,0.0,-0.4049999999999997,0.6000000000000001,0.403,tdc/CYP2D6_Substrate_CarbonMangels,tdc,classification,auroc,torch_mlp_basic,ecfp_rf
leakage_curve,0.25,0.0545999999999999,0.0,-0.4,0.6000000000000001,0.411,tdc/CYP2D6_Substrate_CarbonMangels,tdc,classification,auroc,torch_mlp_basic,ecfp_rf
leakage_curve,0.5,0.0521999999999999,0.0,-0.4,0.6,0.44,tdc/CYP2D6_Substrate_CarbonMangels,tdc,classification,auroc,torch_mlp_basic,ecfp_rf
leakage_curve,0.75,,,,,0.0,tdc/CYP2D6_Substrate_CarbonMangels,tdc,classification,auroc,torch_mlp_basic,ecfp_rf
leakage_curve,observed,0.0603,0.0,-0.4,0.6000000000000001,0.394,tdc/CYP2D6_Substrate_CarbonMangels,tdc,classification,auroc,torch_mlp_basic,ecfp_rf
observed_composition,observed,0.0328905755850725,0.0328905755850725,0.0328905755850725,0.0328905755850725,1.0,tdc/CYP2D6_Substrate_CarbonMangels,tdc,classification,auroc,torch_mlp_basic,ecfp_rf
random_matched_control,0.0,0.0475,0.0,-0.4,0.6,0.323,tdc/CYP2D6_Substrate_CarbonMangels,tdc,classification,auroc,torch_mlp_basic,ecfp_rf
random_matched_control,0.05,0.032,0.0,-0.4,0.6,0.31,tdc/CYP2D6_Substrate_CarbonMangels,tdc,classification,auroc,torch_mlp_basic,ecfp_rf
random_matched_control,0.1,0.0407,0.0,-0.4,0.6,0.313,tdc/CYP2D6_Substrate_CarbonMangels,tdc,classification,auroc,torch_mlp_basic,ecfp_rf
random_matched_control,0.25,0.0243,0.0,-0.4,0.6,0.288,tdc/CYP2D6_Substrate_CarbonMangels,tdc,classification,auroc,torch_mlp_basic,ecfp_rf
random_matched_control,0.5,0.0415,0.0,-0.4,0.6,0.329,tdc/CYP2D6_Substrate_CarbonMangels,tdc,classification,auroc,torch_mlp_basic,ecfp_rf
random_matched_control,0.75,0.0239,0.0,-0.6,0.6,0.292,tdc/CYP2D6_Substrate_CarbonMangels,tdc,classification,auroc,torch_mlp_basic,ecfp_rf
random_matched_control,observed,0.0296,0.0,-0.4,0.5024999999999977,0.299,tdc/CYP2D6_Substrate_CarbonMangels,tdc,classification,auroc,torch_mlp_basic,ecfp_rf
clean_reference,0.0,0.0,0.0,0.0,0.0,0.0,tdc/CYP2D6_Veith,tdc,classification,auroc,ecfp_rf,ecfp_rf
conflict_curve,0.0,0.0,0.0,0.0,0.0,0.0,tdc/CYP2D6_Veith,tdc,classification,auroc,ecfp_rf,ecfp_rf
conflict_curve,0.05,0.0,0.0,0.0,0.0,0.0,tdc/CYP2D6_Veith,tdc,classification,auroc,ecfp_rf,ecfp_rf
conflict_curve,0.1,0.0,0.0,0.0,0.0,0.0,tdc/CYP2D6_Veith,tdc,classification,auroc,ecfp_rf,ecfp_rf
conflict_curve,0.25,0.0,0.0,0.0,0.0,0.0,tdc/CYP2D6_Veith,tdc,classification,auroc,ecfp_rf,ecfp_rf
conflict_curve,0.5,0.0,0.0,0.0,0.0,0.0,tdc/CYP2D6_Veith,tdc,classification,auroc,ecfp_rf,ecfp_rf
conflict_curve,0.75,0.0,0.0,0.0,0.0,0.0,tdc/CYP2D6_Veith,tdc,classification,auroc,ecfp_rf,ecfp_rf
conflict_curve,observed,0.0,0.0,0.0,0.0,0.0,tdc/CYP2D6_Veith,tdc,classification,auroc,ecfp_rf,ecfp_rf
leakage_curve,0.0,0.0,0.0,0.0,0.0,0.0,tdc/CYP2D6_Veith,tdc,classification,auroc,ecfp_rf,ecfp_rf
leakage_curve,0.05,0.0,0.0,0.0,0.0,0.0,tdc/CYP2D6_Veith,tdc,classification,auroc,ecfp_rf,ecfp_rf
leakage_curve,0.1,0.0,0.0,0.0,0.0,0.0,tdc/CYP2D6_Veith,tdc,classification,auroc,ecfp_rf,ecfp_rf
leakage_curve,0.25,0.0,0.0,0.0,0.0,0.0,tdc/CYP2D6_Veith,tdc,classification,auroc,ecfp_rf,ecfp_rf
leakage_curve,0.5,0.0,0.0,0.0,0.0,0.0,tdc/CYP2D6_Veith,tdc,classification,auroc,ecfp_rf,ecfp_rf
leakage_curve,0.75,0.0,0.0,0.0,0.0,0.0,tdc/CYP2D6_Veith,tdc,classification,auroc,ecfp_rf,ecfp_rf
leakage_curve,observed,0.0,0.0,0.0,0.0,0.0,tdc/CYP2D6_Veith,tdc,classification,auroc,ecfp_rf,ecfp_rf
observed_composition,observed,0.0,0.0,0.0,0.0,0.0,tdc/CYP2D6_Veith,tdc,classification,auroc,ecfp_rf,ecfp_rf
random_matched_control,0.0,0.0,0.0,0.0,0.0,0.0,tdc/CYP2D6_Veith,tdc,classification,auroc,ecfp_rf,ecfp_rf
random_matched_control,0.05,0.0,0.0,0.0,0.0,0.0,tdc/CYP2D6_Veith,tdc,classification,auroc,ecfp_rf,ecfp_rf
random_matched_control,0.1,0.0,0.0,0.0,0.0,0.0,tdc/CYP2D6_Veith,tdc,classification,auroc,ecfp_rf,ecfp_rf
random_matched_control,0.25,0.0,0.0,0.0,0.0,0.0,tdc/CYP2D6_Veith,tdc,classification,auroc,ecfp_rf,ecfp_rf
random_matched_control,0.5,0.0,0.0,0.0,0.0,0.0,tdc/CYP2D6_Veith,tdc,classification,auroc,ecfp_rf,ecfp_rf
random_matched_control,0.75,0.0,0.0,0.0,0.0,0.0,tdc/CYP2D6_Veith,tdc,classification,auroc,ecfp_rf,ecfp_rf
random_matched_control,observed,0.0,0.0,0.0,0.0,0.0,tdc/CYP2D6_Veith,tdc,classification,auroc,ecfp_rf,ecfp_rf
clean_reference,0.0,0.0,0.0,0.0,0.0,0.0,tdc/CYP3A4_Substrate_CarbonMangels,tdc,classification,auroc,ecfp_rf,ecfp_rf
leakage_curve,0.0,0.0,0.0,0.0,0.0,0.0,tdc/CYP3A4_Substrate_CarbonMangels,tdc,classification,auroc,ecfp_rf,ecfp_rf
leakage_curve,0.05,0.0,0.0,0.0,0.0,0.0,tdc/CYP3A4_Substrate_CarbonMangels,tdc,classification,auroc,ecfp_rf,ecfp_rf
leakage_curve,0.1,0.0,0.0,0.0,0.0,0.0,tdc/CYP3A4_Substrate_CarbonMangels,tdc,classification,auroc,ecfp_rf,ecfp_rf
leakage_curve,0.25,0.0,0.0,0.0,0.0,0.0,tdc/CYP3A4_Substrate_CarbonMangels,tdc,classification,auroc,ecfp_rf,ecfp_rf
leakage_curve,0.5,0.0,0.0,0.0,0.0,0.0,tdc/CYP3A4_Substrate_CarbonMangels,tdc,classification,auroc,ecfp_rf,ecfp_rf
leakage_curve,0.75,0.0,0.0,0.0,0.0,0.0,tdc/CYP3A4_Substrate_CarbonMangels,tdc,classification,auroc,ecfp_rf,ecfp_rf
leakage_curve,observed,0.0,0.0,0.0,0.0,0.0,tdc/CYP3A4_Substrate_CarbonMangels,tdc,classification,auroc,ecfp_rf,ecfp_rf
observed_composition,observed,0.0,0.0,0.0,0.0,0.0,tdc/CYP3A4_Substrate_CarbonMangels,tdc,classification,auroc,ecfp_rf,ecfp_rf
random_matched_control,0.0,0.0,0.0,0.0,0.0,0.0,tdc/CYP3A4_Substrate_CarbonMangels,tdc,classification,auroc,ecfp_rf,ecfp_rf
random_matched_control,0.05,0.0,0.0,0.0,0.0,0.0,tdc/CYP3A4_Substrate_CarbonMangels,tdc,classification,auroc,ecfp_rf,ecfp_rf
random_matched_control,0.1,0.0,0.0,0.0,0.0,0.0,tdc/CYP3A4_Substrate_CarbonMangels,tdc,classification,auroc,ecfp_rf,ecfp_rf
random_matched_control,0.25,0.0,0.0,0.0,0.0,0.0,tdc/CYP3A4_Substrate_CarbonMangels,tdc,classification,auroc,ecfp_rf,ecfp_rf
random_matched_control,0.5,0.0,0.0,0.0,0.0,0.0,tdc/CYP3A4_Substrate_CarbonMangels,tdc,classification,auroc,ecfp_rf,ecfp_rf
random_matched_control,0.75,0.0,0.0,0.0,0.0,0.0,tdc/CYP3A4_Substrate_CarbonMangels,tdc,classification,auroc,ecfp_rf,ecfp_rf
random_matched_control,observed,0.0,0.0,0.0,0.0,0.0,tdc/CYP3A4_Substrate_CarbonMangels,tdc,classification,auroc,ecfp_rf,ecfp_rf
clean_reference,0.0,0.0107201892134278,0.0107201892134278,0.0107201892134278,0.0107201892134278,1.0,tdc/CYP3A4_Veith,tdc,classification,auroc,lgbm_advanced,ecfp_rf
leakage_curve,0.0,0.0104851888597547,0.0106122882857346,-0.0149971653320103,0.03448107859117,0.79,tdc/CYP3A4_Veith,tdc,classification,auroc,lgbm_advanced,ecfp_rf
leakage_curve,0.05,0.0100579044117647,0.0097567873303168,-0.0134703761312218,0.0352154623868778,0.792,tdc/CYP3A4_Veith,tdc,classification,auroc,lgbm_advanced,ecfp_rf
leakage_curve,0.1,0.0101460504083356,0.0094691636158827,-0.0115495635032384,0.0334087228949591,0.818,tdc/CYP3A4_Veith,tdc,classification,auroc,lgbm_advanced,ecfp_rf
leakage_curve,0.25,0.0081229777995658,0.0080888017368164,-0.0111352335597729,0.0282635338609145,0.798,tdc/CYP3A4_Veith,tdc,classification,auroc,lgbm_advanced,ecfp_rf
leakage_curve,0.5,0.0062675090504037,0.0066137566137566,-0.0076232247284878,0.0194714216095795,0.826,tdc/CYP3A4_Veith,tdc,classification,auroc,lgbm_advanced,ecfp_rf
leakage_curve,0.75,0.0043883255781651,0.0044447531078547,-0.0031269532606431,0.0109391277172025,0.896,tdc/CYP3A4_Veith,tdc,classification,auroc,lgbm_advanced,ecfp_rf
leakage_curve,observed,0.0095722398589065,0.0096296296296296,-0.0126005291005291,0.0317495590828926,0.788,tdc/CYP3A4_Veith,tdc,classification,auroc,lgbm_advanced,ecfp_rf
observed_composition,observed,0.0099417605603165,0.0099417605603165,0.0099417605603165,0.0099417605603165,1.0,tdc/CYP3A4_Veith,tdc,classification,auroc,lgbm_advanced,ecfp_rf
random_matched_control,0.0,0.0101921341070277,0.0100831005086323,-0.0115713876352174,0.0311626907371587,0.828,tdc/CYP3A4_Veith,tdc,classification,auroc,lgbm_advanced,ecfp_rf
random_matched_control,0.05,0.0096006877283473,0.0095279031449244,-0.0103911454975283,0.0316641593237337,0.82,tdc/CYP3A4_Veith,tdc,classification,auroc,lgbm_advanced,ecfp_rf
random_matched_control,0.1,0.0097049573751701,0.0093488072211477,-0.0102487642381259,0.0307024142130525,0.82,tdc/CYP3A4_Veith,tdc,classification,auroc,lgbm_advanced,ecfp_rf
random_matched_control,0.25,0.009722544594885,0.0098144566229672,-0.0108550039401103,0.0294791890536569,0.837,tdc/CYP3A4_Veith,tdc,classification,auroc,lgbm_advanced,ecfp_rf
random_matched_control,0.5,0.0096289490651192,0.0097965470305896,-0.0106544165054802,0.0303755641521598,0.81,tdc/CYP3A4_Veith,tdc,classification,auroc,lgbm_advanced,ecfp_rf
random_matched_control,0.75,0.010147145210975,0.0100651909162547,-0.0109248513503833,0.0323106956085679,0.831,tdc/CYP3A4_Veith,tdc,classification,auroc,lgbm_advanced,ecfp_rf
random_matched_control,observed,0.0101227165269718,0.0102442868400314,-0.0098592306039114,0.0308080808080808,0.824,tdc/CYP3A4_Veith,tdc,classification,auroc,lgbm_advanced,ecfp_rf
clean_reference,0.0,0.0152819052537559,0.0152819052537559,0.0152819052537559,0.0152819052537559,1.0,tdc/Caco2_Wang,tdc,regression,rmse,lgbm_advanced,ecfp_rf
conflict_curve,0.0,0.0472545430962188,0.0451145717298858,-0.1541354619194848,0.2619378028632714,0.644,tdc/Caco2_Wang,tdc,regression,rmse,lgbm_advanced,ecfp_rf
conflict_curve,0.05,0.0365536113567317,0.0277054982339514,-0.1675634440227394,0.278702227188531,0.598,tdc/Caco2_Wang,tdc,regression,rmse,lgbm_advanced,ecfp_rf
conflict_curve,0.1,0.0108475533543155,0.0025088906984746,-0.1802797783724279,0.2354429705252371,0.51,tdc/Caco2_Wang,tdc,regression,rmse,lgbm_advanced,ecfp_rf
conflict_curve,0.25,0.0148942807127831,0.0069864787788198,-0.1773281921725089,0.2509222385012852,0.525,tdc/Caco2_Wang,tdc,regression,rmse,lgbm_advanced,ecfp_rf
conflict_curve,0.5,0.0140533874037937,0.0053809837183446,-0.1602390287053952,0.2065112814943278,0.532,tdc/Caco2_Wang,tdc,regression,rmse,lgbm_advanced,ecfp_rf
conflict_curve,0.75,0.0522252240106909,0.0445875999169559,-0.0975946353191798,0.1964192758788597,0.873,tdc/Caco2_Wang,tdc,regression,rmse,lgbm_advanced,ecfp_rf
conflict_curve,observed,0.0404143315714033,0.0366107492401093,-0.1703183294048569,0.2671919333951573,0.629,tdc/Caco2_Wang,tdc,regression,rmse,lgbm_advanced,ecfp_rf
leakage_curve,0.0,0.0163952238519994,0.0163455732153036,-0.0343645690557394,0.0687397617091464,0.725,tdc/Caco2_Wang,tdc,regression,rmse,lgbm_advanced,ecfp_rf
leakage_curve,0.05,0.015781993517162,0.0157840073695523,-0.0391815599491014,0.0696888744783672,0.721,tdc/Caco2_Wang,tdc,regression,rmse,lgbm_advanced,ecfp_rf
leakage_curve,0.1,0.0166886515244524,0.0163019927443976,-0.0379550928973629,0.0705606986814552,0.717,tdc/Caco2_Wang,tdc,regression,rmse,lgbm_advanced,ecfp_rf
leakage_curve,0.25,0.0152622055157413,0.0157217341637661,-0.0447394411157562,0.0762685815462399,0.679,tdc/Caco2_Wang,tdc,regression,rmse,lgbm_advanced,ecfp_rf
leakage_curve,0.5,0.0175695571836108,0.0186204333041732,-0.0450670560322511,0.0768875051252997,0.707,tdc/Caco2_Wang,tdc,regression,rmse,lgbm_advanced,ecfp_rf
leakage_curve,0.75,0.0189510393635696,0.0190994430028408,-0.0302417613749135,0.069845201765436,0.753,tdc/Caco2_Wang,tdc,regression,rmse,lgbm_advanced,ecfp_rf
leakage_curve,observed,0.0140923488414999,0.0135766289404084,-0.0444732214120807,0.0784119808726707,0.669,tdc/Caco2_Wang,tdc,regression,rmse,lgbm_advanced,ecfp_rf
observed_composition,observed,0.0140359257564564,0.0140359257564564,0.0140359257564564,0.0140359257564564,1.0,tdc/Caco2_Wang,tdc,regression,rmse,lgbm_advanced,ecfp_rf
random_matched_control,0.0,0.0121673023748575,0.0122300056699967,-0.1428749352811237,0.1847951435187329,0.6025,tdc/Caco2_Wang,tdc,regression,rmse,lgbm_advanced,ecfp_rf
random_matched_control,0.05,0.0138014948505041,0.0115424799830496,-0.1413262148237626,0.1946614940272187,0.6045,tdc/Caco2_Wang,tdc,regression,rmse,lgbm_advanced,ecfp_rf
random_matched_control,0.1,0.0151458062444276,0.0168525289683527,-0.1464776011103125,0.1825731791528454,0.634,tdc/Caco2_Wang,tdc,regression,rmse,lgbm_advanced,ecfp_rf
random_matched_control,0.25,0.0132870045900519,0.0119165328276132,-0.1404878359277534,0.1946487922558286,0.602,tdc/Caco2_Wang,tdc,regression,rmse,lgbm_advanced,ecfp_rf
random_matched_control,0.5,0.0140555064707296,0.012415536847605,-0.1358953413596988,0.1749136610195313,0.6175,tdc/Caco2_Wang,tdc,regression,rmse,lgbm_advanced,ecfp_rf
random_matched_control,0.75,0.014791169918323,0.0125933229569998,-0.13546282318842,0.1852248228410478,0.6065,tdc/Caco2_Wang,tdc,regression,rmse,lgbm_advanced,ecfp_rf
random_matched_control,observed,0.0121675620532154,0.0105720410233162,-0.1390249201614021,0.1945981702976267,0.595,tdc/Caco2_Wang,tdc,regression,rmse,lgbm_advanced,ecfp_rf
clean_reference,0.0,0.0,0.0,0.0,0.0,0.0,tdc/Clearance_Hepatocyte_AZ,tdc,regression,rmse,ecfp_rf,ecfp_rf
conflict_curve,0.0,0.0,0.0,0.0,0.0,0.0,tdc/Clearance_Hepatocyte_AZ,tdc,regression,rmse,ecfp_rf,ecfp_rf
conflict_curve,0.05,0.0,0.0,0.0,0.0,0.0,tdc/Clearance_Hepatocyte_AZ,tdc,regression,rmse,ecfp_rf,ecfp_rf
conflict_curve,0.1,0.0,0.0,0.0,0.0,0.0,tdc/Clearance_Hepatocyte_AZ,tdc,regression,rmse,ecfp_rf,ecfp_rf
conflict_curve,0.25,0.0,0.0,0.0,0.0,0.0,tdc/Clearance_Hepatocyte_AZ,tdc,regression,rmse,ecfp_rf,ecfp_rf
conflict_curve,0.5,0.0,0.0,0.0,0.0,0.0,tdc/Clearance_Hepatocyte_AZ,tdc,regression,rmse,ecfp_rf,ecfp_rf
conflict_curve,0.75,0.0,0.0,0.0,0.0,0.0,tdc/Clearance_Hepatocyte_AZ,tdc,regression,rmse,ecfp_rf,ecfp_rf
conflict_curve,observed,0.0,0.0,0.0,0.0,0.0,tdc/Clearance_Hepatocyte_AZ,tdc,regression,rmse,ecfp_rf,ecfp_rf
leakage_curve,0.0,0.0,0.0,0.0,0.0,0.0,tdc/Clearance_Hepatocyte_AZ,tdc,regression,rmse,ecfp_rf,ecfp_rf
leakage_curve,0.05,0.0,0.0,0.0,0.0,0.0,tdc/Clearance_Hepatocyte_AZ,tdc,regression,rmse,ecfp_rf,ecfp_rf
leakage_curve,0.1,0.0,0.0,0.0,0.0,0.0,tdc/Clearance_Hepatocyte_AZ,tdc,regression,rmse,ecfp_rf,ecfp_rf
leakage_curve,0.25,0.0,0.0,0.0,0.0,0.0,tdc/Clearance_Hepatocyte_AZ,tdc,regression,rmse,ecfp_rf,ecfp_rf
leakage_curve,0.5,0.0,0.0,0.0,0.0,0.0,tdc/Clearance_Hepatocyte_AZ,tdc,regression,rmse,ecfp_rf,ecfp_rf
leakage_curve,0.75,0.0,0.0,0.0,0.0,0.0,tdc/Clearance_Hepatocyte_AZ,tdc,regression,rmse,ecfp_rf,ecfp_rf
leakage_curve,observed,0.0,0.0,0.0,0.0,0.0,tdc/Clearance_Hepatocyte_AZ,tdc,regression,rmse,ecfp_rf,ecfp_rf
observed_composition,observed,0.0,0.0,0.0,0.0,0.0,tdc/Clearance_Hepatocyte_AZ,tdc,regression,rmse,ecfp_rf,ecfp_rf
random_matched_control,0.0,0.0,0.0,0.0,0.0,0.0,tdc/Clearance_Hepatocyte_AZ,tdc,regression,rmse,ecfp_rf,ecfp_rf
random_matched_control,0.05,0.0,0.0,0.0,0.0,0.0,tdc/Clearance_Hepatocyte_AZ,tdc,regression,rmse,ecfp_rf,ecfp_rf
random_matched_control,0.1,0.0,0.0,0.0,0.0,0.0,tdc/Clearance_Hepatocyte_AZ,tdc,regression,rmse,ecfp_rf,ecfp_rf
random_matched_control,0.25,0.0,0.0,0.0,0.0,0.0,tdc/Clearance_Hepatocyte_AZ,tdc,regression,rmse,ecfp_rf,ecfp_rf
random_matched_control,0.5,0.0,0.0,0.0,0.0,0.0,tdc/Clearance_Hepatocyte_AZ,tdc,regression,rmse,ecfp_rf,ecfp_rf
random_matched_control,0.75,0.0,0.0,0.0,0.0,0.0,tdc/Clearance_Hepatocyte_AZ,tdc,regression,rmse,ecfp_rf,ecfp_rf
random_matched_control,observed,0.0,0.0,0.0,0.0,0.0,tdc/Clearance_Hepatocyte_AZ,tdc,regression,rmse,ecfp_rf,ecfp_rf
clean_reference,0.0,2.3013533089872733,2.3013533089872737,2.3013533089872737,2.3013533089872737,1.0,tdc/Clearance_Microsome_AZ,tdc,regression,rmse,lgbm_advanced,ecfp_rf
conflict_curve,0.0,2.990866666820929,3.4607178433382444,-27.479219156413617,22.112390601773665,0.669,tdc/Clearance_Microsome_AZ,tdc,regression,rmse,lgbm_advanced,ecfp_rf
conflict_curve,0.05,2.454852355858841,2.737916109814793,-27.42379559891893,23.11339350019812,0.647,tdc/Clearance_Microsome_AZ,tdc,regression,rmse,lgbm_advanced,ecfp_rf
conflict_curve,0.1,2.545243089203636,3.233448721537468,-26.058564404627173,23.12542333041383,0.642,tdc/Clearance_Microsome_AZ,tdc,regression,rmse,lgbm_advanced,ecfp_rf
conflict_curve,0.25,1.61360527307645,2.7346125418705824,-27.68130147988933,18.96901437225887,0.621,tdc/Clearance_Microsome_AZ,tdc,regression,rmse,lgbm_advanced,ecfp_rf
conflict_curve,0.5,0.449199902739867,2.406785402222809,-28.88013189668913,16.00413982481821,0.598,tdc/Clearance_Microsome_AZ,tdc,regression,rmse,lgbm_advanced,ecfp_rf
conflict_curve,0.75,0.1252151933084347,2.406785402222809,-28.88013189668913,16.00413982481821,0.594,tdc/Clearance_Microsome_AZ,tdc,regression,rmse,lgbm_advanced,ecfp_rf
conflict_curve,observed,2.6062405588084494,3.301682018483145,-27.39212709962612,22.784284655485116,0.658,tdc/Clearance_Microsome_AZ,tdc,regression,rmse,lgbm_advanced,ecfp_rf
leakage_curve,0.0,2.1356815695336704,2.2536671228074567,-5.543635835282517,9.858920536760616,0.725,tdc/Clearance_Microsome_AZ,tdc,regression,rmse,lgbm_advanced,ecfp_rf
leakage_curve,0.05,1.8456374335242576,1.898897062042728,-5.670211952843022,9.051036672659984,0.7,tdc/Clearance_Microsome_AZ,tdc,regression,rmse,lgbm_advanced,ecfp_rf
leakage_curve,0.1,1.7372453821928042,1.9733359194299496,-5.613721875161295,8.532962447534375,0.684,tdc/Clearance_Microsome_AZ,tdc,regression,rmse,lgbm_advanced,ecfp_rf
leakage_curve,0.25,1.500608688106256,1.6156376075827945,-6.204800956411135,8.410033491516948,0.671,tdc/Clearance_Microsome_AZ,tdc,regression,rmse,lgbm_advanced,ecfp_rf
leakage_curve,0.5,0.8138837453277953,0.8762867254425508,-5.84323916442392,7.103618598777948,0.628,tdc/Clearance_Microsome_AZ,tdc,regression,rmse,lgbm_advanced,ecfp_rf
leakage_curve,0.75,0.4069072185433964,0.7225089268838403,-5.687061893342674,4.900423758733597,0.624,tdc/Clearance_Microsome_AZ,tdc,regression,rmse,lgbm_advanced,ecfp_rf
leakage_curve,observed,2.0030394293273264,2.2970606027909035,-5.569767596280011,8.88843245119539,0.727,tdc/Clearance_Microsome_AZ,tdc,regression,rmse,lgbm_advanced,ecfp_rf
observed_composition,observed,0.9777911988888592,0.977791198888859,0.977791198888859,0.977791198888859,1.0,tdc/Clearance_Microsome_AZ,tdc,regression,rmse,lgbm_advanced,ecfp_rf
random_matched_control,0.0,0.9007849487535078,1.2740901300301282,-19.228981617193494,16.708996037311998,0.5885,tdc/Clearance_Microsome_AZ,tdc,regression,rmse,lgbm_advanced,ecfp_rf
random_matched_control,0.05,1.2877515359266565,1.5075240892071555,-17.47797150549135,17.441587653600777,0.5995,tdc/Clearance_Microsome_AZ,tdc,regression,rmse,lgbm_advanced,ecfp_rf
random_matched_control,0.1,1.3140884914011544,1.4661781657432194,-16.42653604765305,17.112577808122474,0.604,tdc/Clearance_Microsome_AZ,tdc,regression,rmse,lgbm_advanced,ecfp_rf
random_matched_control,0.25,0.9085798202845716,1.2784028372209413,-22.0787117244,16.994038245630758,0.6005,tdc/Clearance_Microsome_AZ,tdc,regression,rmse,lgbm_advanced,ecfp_rf
random_matched_control,0.5,0.7785741239116053,1.1250427064754227,-20.734239718241486,16.399027691673886,0.579,tdc/Clearance_Microsome_AZ,tdc,regression,rmse,lgbm_advanced,ecfp_rf
random_matched_control,0.75,0.8081723989999311,1.1261160452244177,-20.699800630554524,16.703025777995837,0.5795,tdc/Clearance_Microsome_AZ,tdc,regression,rmse,lgbm_advanced,ecfp_rf
random_matched_control,observed,0.9054038045668534,1.2745889074571544,-20.97541402102619,16.682756012031952,0.6035,tdc/Clearance_Microsome_AZ,tdc,regression,rmse,lgbm_advanced,ecfp_rf
clean_reference,0.0,0.0,0.0,0.0,0.0,0.0,tdc/HIA_Hou,tdc,classification,auroc,ecfp_rf,ecfp_rf
leakage_curve,0.0,,,,,0.0,tdc/HIA_Hou,tdc,classification,auroc,ecfp_rf,ecfp_rf
leakage_curve,0.05,,,,,0.0,tdc/HIA_Hou,tdc,classification,auroc,ecfp_rf,ecfp_rf
leakage_curve,0.1,,,,,0.0,tdc/HIA_Hou,tdc,classification,auroc,ecfp_rf,ecfp_rf
leakage_curve,0.25,,,,,0.0,tdc/HIA_Hou,tdc,classification,auroc,ecfp_rf,ecfp_rf
leakage_curve,0.5,,,,,0.0,tdc/HIA_Hou,tdc,classification,auroc,ecfp_rf,ecfp_rf
leakage_curve,0.75,,,,,0.0,tdc/HIA_Hou,tdc,classification,auroc,ecfp_rf,ecfp_rf
leakage_curve,observed,,,,,0.0,tdc/HIA_Hou,tdc,classification,auroc,ecfp_rf,ecfp_rf
observed_composition,observed,0.0,0.0,0.0,0.0,0.0,tdc/HIA_Hou,tdc,classification,auroc,ecfp_rf,ecfp_rf
random_matched_control,0.0,,,,,0.0,tdc/HIA_Hou,tdc,classification,auroc,ecfp_rf,ecfp_rf
random_matched_control,0.05,,,,,0.0,tdc/HIA_Hou,tdc,classification,auroc,ecfp_rf,ecfp_rf
random_matched_control,0.1,,,,,0.0,tdc/HIA_Hou,tdc,classification,auroc,ecfp_rf,ecfp_rf
random_matched_control,0.25,,,,,0.0,tdc/HIA_Hou,tdc,classification,auroc,ecfp_rf,ecfp_rf
random_matched_control,0.5,,,,,0.0,tdc/HIA_Hou,tdc,classification,auroc,ecfp_rf,ecfp_rf
random_matched_control,0.75,,,,,0.0,tdc/HIA_Hou,tdc,classification,auroc,ecfp_rf,ecfp_rf
random_matched_control,observed,,,,,0.0,tdc/HIA_Hou,tdc,classification,auroc,ecfp_rf,ecfp_rf
clean_reference,0.0,23.863299968393047,23.86329996839304,23.86329996839304,23.86329996839304,1.0,tdc/Half_Life_Obach,tdc,regression,rmse,torch_mlp_basic,ecfp_rf
conflict_curve,0.0,1.5179012245249683,-8.343916887657853,-51.64059810160543,185.7130045757432,0.299,tdc/Half_Life_Obach,tdc,regression,rmse,torch_mlp_basic,ecfp_rf
conflict_curve,0.05,1.06991896417979,-9.599396186994657,-52.3787015880874,185.6914080126037,0.299,tdc/Half_Life_Obach,tdc,regression,rmse,torch_mlp_basic,ecfp_rf
conflict_curve,0.1,3.4870994555964256,-6.570966692559253,-49.51921220921795,185.5925808793453,0.329,tdc/Half_Life_Obach,tdc,regression,rmse,torch_mlp_basic,ecfp_rf
conflict_curve,0.25,-6.898845746653926,-2.126397028924821,-50.31202641746204,12.297716391397678,0.427,tdc/Half_Life_Obach,tdc,regression,rmse,torch_mlp_basic,ecfp_rf
conflict_curve,0.5,6.582611430438594,12.2570134217756,-42.99900663006618,15.857432981768104,0.781,tdc/Half_Life_Obach,tdc,regression,rmse,torch_mlp_basic,ecfp_rf
conflict_curve,0.75,4.997991493409155,10.108895143022051,-42.99900663006618,15.857432981768104,0.74,tdc/Half_Life_Obach,tdc,regression,rmse,torch_mlp_basic,ecfp_rf
conflict_curve,observed,2.0353771973366,-8.694788832719043,-48.36843680424425,185.56501506506504,0.294,tdc/Half_Life_Obach,tdc,regression,rmse,torch_mlp_basic,ecfp_rf
leakage_curve,0.0,0.4857137676079621,-7.282466000623007,-39.894819740275885,130.76177032668454,0.293,tdc/Half_Life_Obach,tdc,regression,rmse,torch_mlp_basic,ecfp_rf
leakage_curve,0.05,-2.246839562958402,-8.527916694921242,-41.0202583141119,130.0682790687659,0.284,tdc/Half_Life_Obach,tdc,regression,rmse,torch_mlp_basic,ecfp_rf
leakage_curve,0.1,10.254182940166258,4.851626440924434,-26.387885169880157,131.4731206369645,0.645,tdc/Half_Life_Obach,tdc,regression,rmse,torch_mlp_basic,ecfp_rf
leakage_curve,0.25,19.07240844900746,15.02946462126028,-18.275388047633506,133.0681431961953,0.843,tdc/Half_Life_Obach,tdc,regression,rmse,torch_mlp_basic,ecfp_rf
leakage_curve,0.5,68.9705631555314,65.39980754797713,53.60960598309628,144.96578703592797,1.0,tdc/Half_Life_Obach,tdc,regression,rmse,torch_mlp_basic,ecfp_rf
leakage_curve,0.75,65.63999042535431,66.30894317030229,57.878656630909845,66.97794119067726,1.0,tdc/Half_Life_Obach,tdc,regression,rmse,torch_mlp_basic,ecfp_rf
leakage_curve,observed,0.2792465127843405,-7.35356742146692,-38.9179268368416,130.8224601155838,0.278,tdc/Half_Life_Obach,tdc,regression,rmse,torch_mlp_basic,ecfp_rf
observed_composition,observed,19.212141830009053,19.21214183000906,19.21214183000906,19.21214183000906,1.0,tdc/Half_Life_Obach,tdc,regression,rmse,torch_mlp_basic,ecfp_rf
random_matched_control,0.0,-1.53651068654029,-6.667148650521169,-55.09764310161149,130.59844135935612,0.3585,tdc/Half_Life_Obach,tdc,regression,rmse,torch_mlp_basic,ecfp_rf
random_matched_control,0.05,-3.2945006176219085,-8.094229779746684,-53.91274265087573,130.28540304811372,0.331,tdc/Half_Life_Obach,tdc,regression,rmse,torch_mlp_basic,ecfp_rf
random_matched_control,0.1,-1.1376082978405997,-7.369710508913945,-53.68717284348209,131.18957912952428,0.34,tdc/Half_Life_Obach,tdc,regression,rmse,torch_mlp_basic,ecfp_rf
random_matched_control,0.25,-1.1956830134672525,-7.019931524656117,-54.07383347002395,130.95083246942897,0.3675,tdc/Half_Life_Obach,tdc,regression,rmse,torch_mlp_basic,ecfp_rf
random_matched_control,0.5,-1.4682995673103365,-7.853195393932205,-53.33855467394865,176.6843099553971,0.3345,tdc/Half_Life_Obach,tdc,regression,rmse,torch_mlp_basic,ecfp_rf
random_matched_control,0.75,-0.4105181367924523,-6.314438452213939,-53.34481909614458,133.17993660698693,0.359,tdc/Half_Life_Obach,tdc,regression,rmse,torch_mlp_basic,ecfp_rf
random_matched_control,observed,-1.3340199002582849,-7.132707083558147,-53.13105155705996,131.41710897051394,0.345,tdc/Half_Life_Obach,tdc,regression,rmse,torch_mlp_basic,ecfp_rf
clean_reference,0.0,0.6158891540261637,0.615889154026164,0.615889154026164,0.615889154026164,1.0,tdc/HydrationFreeEnergy_FreeSolv,tdc,regression,rmse,lgbm_advanced,ecfp_rf
leakage_curve,0.0,0.3812221906549699,0.1370142375523586,-0.4994803769438977,1.85318844923203,0.687,tdc/HydrationFreeEnergy_FreeSolv,tdc,regression,rmse,lgbm_advanced,ecfp_rf
leakage_curve,0.05,0.3758827070888267,0.1404554296314567,-0.4906262084949799,1.834929300474033,0.691,tdc/HydrationFreeEnergy_FreeSolv,tdc,regression,rmse,lgbm_advanced,ecfp_rf
leakage_curve,0.1,0.3561940214431917,0.1139328995143862,-0.5452778640063463,1.833845264344771,0.656,tdc/HydrationFreeEnergy_FreeSolv,tdc,regression,rmse,lgbm_advanced,ecfp_rf
leakage_curve,0.25,0.3436605841163749,0.1054981774949282,-0.5538211718701099,1.8403282582866196,0.647,tdc/HydrationFreeEnergy_FreeSolv,tdc,regression,rmse,lgbm_advanced,ecfp_rf
leakage_curve,0.5,0.1308087490865175,0.0123991389468078,-0.7114120676230459,1.809454335209719,0.517,tdc/HydrationFreeEnergy_FreeSolv,tdc,regression,rmse,lgbm_advanced,ecfp_rf
leakage_curve,0.75,-0.1034250079449968,-0.1896671105169456,-0.8455698509458346,1.798134469652263,0.233,tdc/HydrationFreeEnergy_FreeSolv,tdc,regression,rmse,lgbm_advanced,ecfp_rf
leakage_curve,observed,0.3231662133370696,0.1039453937571854,-0.5850264287676743,1.8268732384104176,0.63,tdc/HydrationFreeEnergy_FreeSolv,tdc,regression,rmse,lgbm_advanced,ecfp_rf
observed_composition,observed,0.4397899508338883,0.4397899508338885,0.4397899508338885,0.4397899508338885,1.0,tdc/HydrationFreeEnergy_FreeSolv,tdc,regression,rmse,lgbm_advanced,ecfp_rf
random_matched_control,0.0,0.2445032953908409,0.1132706376459774,-0.5541469767965476,1.851941201484065,0.658,tdc/HydrationFreeEnergy_FreeSolv,tdc,regression,rmse,lgbm_advanced,ecfp_rf
random_matched_control,0.05,0.2712422032815641,0.1269658444471394,-0.5549513290455614,1.8547050643178928,0.669,tdc/HydrationFreeEnergy_FreeSolv,tdc,regression,rmse,lgbm_advanced,ecfp_rf
random_matched_control,0.1,0.2553664262418967,0.1374831097531333,-0.5496134695870311,1.8602757092905076,0.674,tdc/HydrationFreeEnergy_FreeSolv,tdc,regression,rmse,lgbm_advanced,ecfp_rf
random_matched_control,0.25,0.2621604821473397,0.1223224117690607,-0.4680129565338827,1.8416953164080292,0.682,tdc/HydrationFreeEnergy_FreeSolv,tdc,regression,rmse,lgbm_advanced,ecfp_rf
random_matched_control,0.5,0.2482149331666722,0.1277200798484236,-0.491609394187357,1.8319272563978504,0.667,tdc/HydrationFreeEnergy_FreeSolv,tdc,regression,rmse,lgbm_advanced,ecfp_rf
random_matched_control,0.75,0.2653555601871422,0.1337830985969234,-0.5264909682225385,1.8559645556498168,0.693,tdc/HydrationFreeEnergy_FreeSolv,tdc,regression,rmse,lgbm_advanced,ecfp_rf
random_matched_control,observed,0.250638621246432,0.1330471711745724,-0.5541526686849763,1.8572156049842448,0.682,tdc/HydrationFreeEnergy_FreeSolv,tdc,regression,rmse,lgbm_advanced,ecfp_rf
clean_reference,0.0,0.080182046217611,0.080182046217611,0.080182046217611,0.080182046217611,1.0,tdc/Lipophilicity_AstraZeneca,tdc,regression,rmse,lgbm_advanced,ecfp_rf
conflict_curve,0.0,0.2025024684170155,0.2010221089821905,-0.8355858124516113,1.1315757590567588,0.654,tdc/Lipophilicity_AstraZeneca,tdc,regression,rmse,lgbm_advanced,ecfp_rf
conflict_curve,0.05,0.2072553751822034,0.2308225868114903,-0.8355858124516113,1.1315757590567588,0.697,tdc/Lipophilicity_AstraZeneca,tdc,regression,rmse,lgbm_advanced,ecfp_rf
conflict_curve,0.1,0.2019305056725829,0.2249399509886909,-0.8994349556737917,1.055950366125766,0.682,tdc/Lipophilicity_AstraZeneca,tdc,regression,rmse,lgbm_advanced,ecfp_rf
conflict_curve,0.25,0.1808350350672862,0.2067391598920361,-0.8355858124516113,1.055950366125766,0.68,tdc/Lipophilicity_AstraZeneca,tdc,regression,rmse,lgbm_advanced,ecfp_rf
conflict_curve,0.5,0.1969300897856267,0.2067391598920361,-0.8371820410321658,1.055950366125766,0.676,tdc/Lipophilicity_AstraZeneca,tdc,regression,rmse,lgbm_advanced,ecfp_rf
conflict_curve,0.75,0.4526061834664202,0.4526061834664203,0.4526061834664203,0.4526061834664203,1.0,tdc/Lipophilicity_AstraZeneca,tdc,regression,rmse,lgbm_advanced,ecfp_rf
conflict_curve,observed,0.1902076122537565,0.2067391598920361,-0.8355858124516113,1.0578410009490389,0.666,tdc/Lipophilicity_AstraZeneca,tdc,regression,rmse,lgbm_advanced,ecfp_rf
leakage_curve,0.0,0.0794472119514393,0.0792216907226676,0.0172692267459029,0.145802327978797,0.992,tdc/Lipophilicity_AstraZeneca,tdc,regression,rmse,lgbm_advanced,ecfp_rf
leakage_curve,0.05,0.0806976479831018,0.0801517603921109,0.017656859125382,0.1451471317427091,0.99,tdc/Lipophilicity_AstraZeneca,tdc,regression,rmse,lgbm_advanced,ecfp_rf
leakage_curve,0.1,0.0787976567758542,0.0778151787648161,0.0160072112798515,0.141966467593012,0.995,tdc/Lipophilicity_AstraZeneca,tdc,regression,rmse,lgbm_advanced,ecfp_rf
leakage_curve,0.25,0.0744270467894234,0.0738587752826862,0.0092229254145591,0.1421533398631913,0.986,tdc/Lipophilicity_AstraZeneca,tdc,regression,rmse,lgbm_advanced,ecfp_rf
leakage_curve,0.5,0.0615860278233698,0.0613273115488162,-0.0008892230075779,0.1268092340435649,0.972,tdc/Lipophilicity_AstraZeneca,tdc,regression,rmse,lgbm_advanced,ecfp_rf
leakage_curve,0.75,0.053191512811148,0.054273854275502,-0.0037126085958372,0.106885506894382,0.964,tdc/Lipophilicity_AstraZeneca,tdc,regression,rmse,lgbm_advanced,ecfp_rf
leakage_curve,observed,0.0775351212155824,0.0774641506673433,0.012346048363193,0.1394388013573378,0.99,tdc/Lipophilicity_AstraZeneca,tdc,regression,rmse,lgbm_advanced,ecfp_rf
observed_composition,observed,0.0760928997318848,0.0760928997318848,0.0760928997318848,0.0760928997318848,1.0,tdc/Lipophilicity_AstraZeneca,tdc,regression,rmse,lgbm_advanced,ecfp_rf
random_matched_control,0.0,0.0433233075022738,0.063376428633974,-0.3304514346052021,0.4598416220529726,0.7415,tdc/Lipophilicity_AstraZeneca,tdc,regression,rmse,lgbm_advanced,ecfp_rf
random_matched_control,0.05,0.0367608754219942,0.0601472065444555,-0.3491605078319975,0.4404879619512061,0.7355,tdc/Lipophilicity_AstraZeneca,tdc,regression,rmse,lgbm_advanced,ecfp_rf
random_matched_control,0.1,0.0397445996622038,0.0645157833455931,-0.3418317673061279,0.4404879619512061,0.729,tdc/Lipophilicity_AstraZeneca,tdc,regression,rmse,lgbm_advanced,ecfp_rf
random_matched_control,0.25,0.0415022540132481,0.0631738107714544,-0.3248897583956891,0.4023446846506329,0.734,tdc/Lipophilicity_AstraZeneca,tdc,regression,rmse,lgbm_advanced,ecfp_rf
random_matched_control,0.5,0.0432434583449857,0.0655868242460629,-0.3248897583956891,0.4030964071413929,0.735,tdc/Lipophilicity_AstraZeneca,tdc,regression,rmse,lgbm_advanced,ecfp_rf
random_matched_control,0.75,0.0359779489984406,0.0621381235639465,-0.3418317673061279,0.3318162817588255,0.7335,tdc/Lipophilicity_AstraZeneca,tdc,regression,rmse,lgbm_advanced,ecfp_rf
random_matched_control,observed,0.034474912404594,0.0619487120690451,-0.3485309352502668,0.3548340938307373,0.726,tdc/Lipophilicity_AstraZeneca,tdc,regression,rmse,lgbm_advanced,ecfp_rf
clean_reference,0.0,0.0,0.0,0.0,0.0,0.0,tdc/PAMPA_NCATS,tdc,classification,auroc,ecfp_rf,ecfp_rf
leakage_curve,0.0,0.0,0.0,0.0,0.0,0.0,tdc/PAMPA_NCATS,tdc,classification,auroc,ecfp_rf,ecfp_rf
leakage_curve,0.05,0.0,0.0,0.0,0.0,0.0,tdc/PAMPA_NCATS,tdc,classification,auroc,ecfp_rf,ecfp_rf
leakage_curve,0.1,0.0,0.0,0.0,0.0,0.0,tdc/PAMPA_NCATS,tdc,classification,auroc,ecfp_rf,ecfp_rf
leakage_curve,0.25,0.0,0.0,0.0,0.0,0.0,tdc/PAMPA_NCATS,tdc,classification,auroc,ecfp_rf,ecfp_rf
leakage_curve,0.5,0.0,0.0,0.0,0.0,0.0,tdc/PAMPA_NCATS,tdc,classification,auroc,ecfp_rf,ecfp_rf
leakage_curve,0.75,0.0,0.0,0.0,0.0,0.0,tdc/PAMPA_NCATS,tdc,classification,auroc,ecfp_rf,ecfp_rf
leakage_curve,observed,0.0,0.0,0.0,0.0,0.0,tdc/PAMPA_NCATS,tdc,classification,auroc,ecfp_rf,ecfp_rf
observed_composition,observed,0.0,0.0,0.0,0.0,0.0,tdc/PAMPA_NCATS,tdc,classification,auroc,ecfp_rf,ecfp_rf
random_matched_control,0.0,0.0,0.0,0.0,0.0,0.0,tdc/PAMPA_NCATS,tdc,classification,auroc,ecfp_rf,ecfp_rf
random_matched_control,0.05,0.0,0.0,0.0,0.0,0.0,tdc/PAMPA_NCATS,tdc,classification,auroc,ecfp_rf,ecfp_rf
random_matched_control,0.1,0.0,0.0,0.0,0.0,0.0,tdc/PAMPA_NCATS,tdc,classification,auroc,ecfp_rf,ecfp_rf
random_matched_control,0.25,0.0,0.0,0.0,0.0,0.0,tdc/PAMPA_NCATS,tdc,classification,auroc,ecfp_rf,ecfp_rf
random_matched_control,0.5,0.0,0.0,0.0,0.0,0.0,tdc/PAMPA_NCATS,tdc,classification,auroc,ecfp_rf,ecfp_rf
random_matched_control,0.75,0.0,0.0,0.0,0.0,0.0,tdc/PAMPA_NCATS,tdc,classification,auroc,ecfp_rf,ecfp_rf
random_matched_control,observed,0.0,0.0,0.0,0.0,0.0,tdc/PAMPA_NCATS,tdc,classification,auroc,ecfp_rf,ecfp_rf
clean_reference,0.0,1.093895746082049,1.093895746082049,1.093895746082049,1.093895746082049,1.0,tdc/PPBR_AZ,tdc,regression,rmse,lgbm_advanced,ecfp_rf
conflict_curve,0.0,-0.0108224471280733,0.0760089472473879,-16.01217033537869,20.41450631418492,0.513,tdc/PPBR_AZ,tdc,regression,rmse,lgbm_advanced,ecfp_rf
conflict_curve,0.05,-0.228565274369635,-0.2327346287101122,-11.05020125819253,11.988953057896566,0.5,tdc/PPBR_AZ,tdc,regression,rmse,lgbm_advanced,ecfp_rf
conflict_curve,0.1,-0.2572494586857801,-0.5414782046676123,-10.92297128185443,11.988953057896566,0.496,tdc/PPBR_AZ,tdc,regression,rmse,lgbm_advanced,ecfp_rf
conflict_curve,0.25,-0.2525064731075613,-0.5414782046676123,-16.01217033537869,20.41450631418492,0.495,tdc/PPBR_AZ,tdc,regression,rmse,lgbm_advanced,ecfp_rf
conflict_curve,0.5,0.121421841010436,0.3978082582191433,-16.01217033537869,20.41450631418492,0.528,tdc/PPBR_AZ,tdc,regression,rmse,lgbm_advanced,ecfp_rf
conflict_curve,0.75,3.642726150524964,3.6427261505249646,3.6427261505249646,3.6427261505249646,1.0,tdc/PPBR_AZ,tdc,regression,rmse,lgbm_advanced,ecfp_rf
conflict_curve,observed,0.2265075199828054,0.0760089472473879,-16.01217033537869,20.41450631418492,0.517,tdc/PPBR_AZ,tdc,regression,rmse,lgbm_advanced,ecfp_rf
leakage_curve,0.0,1.1150992313967525,1.074261941347145,-1.6061010155625142,3.7609590397522634,0.794,tdc/PPBR_AZ,tdc,regression,rmse,lgbm_advanced,ecfp_rf
leakage_curve,0.05,1.0014014005066836,1.0402537834773868,-1.7498999333604734,3.7896699635861,0.754,tdc/PPBR_AZ,tdc,regression,rmse,lgbm_advanced,ecfp_rf
leakage_curve,0.1,1.1099210783603215,1.1265482211185347,-1.747369842326032,3.8363266394377527,0.782,tdc/PPBR_AZ,tdc,regression,rmse,lgbm_advanced,ecfp_rf
leakage_curve,0.25,0.8821368842463257,0.9132766977267536,-2.081620835076285,3.583665602999266,0.734,tdc/PPBR_AZ,tdc,regression,rmse,lgbm_advanced,ecfp_rf
leakage_curve,0.5,0.8600244304812873,0.8225140498429626,-1.8261504788970555,3.4572039244261124,0.745,tdc/PPBR_AZ,tdc,regression,rmse,lgbm_advanced,ecfp_rf
leakage_curve,0.75,0.5318870292228011,0.5181588479992985,-2.060301542569558,3.150841527832705,0.648,tdc/PPBR_AZ,tdc,regression,rmse,lgbm_advanced,ecfp_rf
leakage_curve,observed,1.075876856375097,1.1320078140947114,-1.8416324019353365,3.6868735357194735,0.774,tdc/PPBR_AZ,tdc,regression,rmse,lgbm_advanced,ecfp_rf
observed_composition,observed,0.9280147519678578,0.928014751967858,0.928014751967858,0.928014751967858,1.0,tdc/PPBR_AZ,tdc,regression,rmse,lgbm_advanced,ecfp_rf
random_matched_control,0.0,0.8849305903437453,0.8155558122499533,-7.499638980370463,9.249370355393909,0.664,tdc/PPBR_AZ,tdc,regression,rmse,lgbm_advanced,ecfp_rf
random_matched_control,0.05,1.0463017070820386,0.7850059150227695,-6.8968541363269935,13.291873962483152,0.652,tdc/PPBR_AZ,tdc,regression,rmse,lgbm_advanced,ecfp_rf
random_matched_control,0.1,0.7952334816093392,0.727696547562414,-7.499638980370463,9.249370355393909,0.6345,tdc/PPBR_AZ,tdc,regression,rmse,lgbm_advanced,ecfp_rf
random_matched_control,0.25,0.8224087145414358,0.7712198097728447,-7.499638980370463,10.497619354498028,0.6445,tdc/PPBR_AZ,tdc,regression,rmse,lgbm_advanced,ecfp_rf
random_matched_control,0.5,0.799073885921826,0.7034871813105541,-7.555667977063962,13.291873962483152,0.6465,tdc/PPBR_AZ,tdc,regression,rmse,lgbm_advanced,ecfp_rf
random_matched_control,0.75,0.8869043938997755,0.7109400555550671,-7.5010397052878,13.291873962483152,0.647,tdc/PPBR_AZ,tdc,regression,rmse,lgbm_advanced,ecfp_rf
random_matched_control,observed,1.0139699218897054,0.8452751140242434,-7.499638980370463,13.291873962483152,0.664,tdc/PPBR_AZ,tdc,regression,rmse,lgbm_advanced,ecfp_rf
clean_reference,0.0,0.0,0.0,0.0,0.0,0.0,tdc/Pgp_Broccatelli,tdc,classification,auroc,ecfp_rf,ecfp_rf
leakage_curve,0.0,0.0,0.0,0.0,0.0,0.0,tdc/Pgp_Broccatelli,tdc,classification,auroc,ecfp_rf,ecfp_rf
leakage_curve,0.05,0.0,0.0,0.0,0.0,0.0,tdc/Pgp_Broccatelli,tdc,classification,auroc,ecfp_rf,ecfp_rf
leakage_curve,0.1,0.0,0.0,0.0,0.0,0.0,tdc/Pgp_Broccatelli,tdc,classification,auroc,ecfp_rf,ecfp_rf
leakage_curve,0.25,0.0,0.0,0.0,0.0,0.0,tdc/Pgp_Broccatelli,tdc,classification,auroc,ecfp_rf,ecfp_rf
leakage_curve,0.5,0.0,0.0,0.0,0.0,0.0,tdc/Pgp_Broccatelli,tdc,classification,auroc,ecfp_rf,ecfp_rf
leakage_curve,0.75,0.0,0.0,0.0,0.0,0.0,tdc/Pgp_Broccatelli,tdc,classification,auroc,ecfp_rf,ecfp_rf
leakage_curve,observed,0.0,0.0,0.0,0.0,0.0,tdc/Pgp_Broccatelli,tdc,classification,auroc,ecfp_rf,ecfp_rf
observed_composition,observed,0.0,0.0,0.0,0.0,0.0,tdc/Pgp_Broccatelli,tdc,classification,auroc,ecfp_rf,ecfp_rf
random_matched_control,0.0,0.0,0.0,0.0,0.0,0.0,tdc/Pgp_Broccatelli,tdc,classification,auroc,ecfp_rf,ecfp_rf
random_matched_control,0.05,0.0,0.0,0.0,0.0,0.0,tdc/Pgp_Broccatelli,tdc,classification,auroc,ecfp_rf,ecfp_rf
random_matched_control,0.1,0.0,0.0,0.0,0.0,0.0,tdc/Pgp_Broccatelli,tdc,classification,auroc,ecfp_rf,ecfp_rf
random_matched_control,0.25,0.0,0.0,0.0,0.0,0.0,tdc/Pgp_Broccatelli,tdc,classification,auroc,ecfp_rf,ecfp_rf
random_matched_control,0.5,0.0,0.0,0.0,0.0,0.0,tdc/Pgp_Broccatelli,tdc,classification,auroc,ecfp_rf,ecfp_rf
random_matched_control,0.75,0.0,0.0,0.0,0.0,0.0,tdc/Pgp_Broccatelli,tdc,classification,auroc,ecfp_rf,ecfp_rf
random_matched_control,observed,0.0,0.0,0.0,0.0,0.0,tdc/Pgp_Broccatelli,tdc,classification,auroc,ecfp_rf,ecfp_rf
clean_reference,0.0,0.041056639007408,0.041056639007408,0.041056639007408,0.041056639007408,1.0,tdc/Solubility_AqSolDB,tdc,regression,rmse,lgbm_advanced,ecfp_rf
conflict_curve,0.0,0.0408438957299626,0.0402197253022115,-0.0550727083820035,0.1372375009914956,0.79,tdc/Solubility_AqSolDB,tdc,regression,rmse,lgbm_advanced,ecfp_rf
conflict_curve,0.05,0.0575954725896566,0.055745061718412,-0.0465037130401931,0.1813808745466796,0.846,tdc/Solubility_AqSolDB,tdc,regression,rmse,lgbm_advanced,ecfp_rf
conflict_curve,0.1,0.0703639750172687,0.0679022738548355,-0.0405465457879623,0.1904570760725442,0.898,tdc/Solubility_AqSolDB,tdc,regression,rmse,lgbm_advanced,ecfp_rf
conflict_curve,0.25,0.1175088288523001,0.1163508911906998,0.0022474684754095,0.228295250659456,0.976,tdc/Solubility_AqSolDB,tdc,regression,rmse,lgbm_advanced,ecfp_rf
conflict_curve,0.5,0.1812009592127038,0.1831546925780517,0.0740653719147159,0.2747375007105502,1.0,tdc/Solubility_AqSolDB,tdc,regression,rmse,lgbm_advanced,ecfp_rf
conflict_curve,0.75,0.2287078035209935,0.2285844227041198,0.1877819309253665,0.2682915814254193,1.0,tdc/Solubility_AqSolDB,tdc,regression,rmse,lgbm_advanced,ecfp_rf
conflict_curve,observed,0.0600734522693749,0.0596635029746044,-0.0478844304775222,0.1755631622284322,0.857,tdc/Solubility_AqSolDB,tdc,regression,rmse,lgbm_advanced,ecfp_rf
leakage_curve,0.0,0.0409364848180754,0.0409950305129791,-0.0093299550698451,0.0881551790256616,0.946,tdc/Solubility_AqSolDB,tdc,regression,rmse,lgbm_advanced,ecfp_rf
leakage_curve,0.05,0.0385762526193669,0.0388237492154057,-0.0127587357584107,0.0891503446274129,0.931,tdc/Solubility_AqSolDB,tdc,regression,rmse,lgbm_advanced,ecfp_rf
leakage_curve,0.1,0.0348442144592904,0.0354577575777418,-0.0192741112011757,0.0861116615976494,0.899,tdc/Solubility_AqSolDB,tdc,regression,rmse,lgbm_advanced,ecfp_rf
leakage_curve,0.25,0.0284351353607264,0.0285616748312368,-0.0225155518868342,0.0839685817598078,0.859,tdc/Solubility_AqSolDB,tdc,regression,rmse,lgbm_advanced,ecfp_rf
leakage_curve,0.5,0.0132325371724451,0.0138342190962817,-0.0436947025347911,0.0673478996805009,0.688,tdc/Solubility_AqSolDB,tdc,regression,rmse,lgbm_advanced,ecfp_rf
leakage_curve,0.75,-0.0037587397155148,-0.0043622483844436,-0.0444002759703289,0.0351444763374467,0.428,tdc/Solubility_AqSolDB,tdc,regression,rmse,lgbm_advanced,ecfp_rf
leakage_curve,observed,0.0345084940910597,0.0345170441794768,-0.0210173923472532,0.0896977386416477,0.892,tdc/Solubility_AqSolDB,tdc,regression,rmse,lgbm_advanced,ecfp_rf
observed_composition,observed,0.0804157547070645,0.0804157547070645,0.0804157547070645,0.0804157547070645,1.0,tdc/Solubility_AqSolDB,tdc,regression,rmse,lgbm_advanced,ecfp_rf
random_matched_control,0.0,0.0788182352075103,0.0775204978074299,-0.0158068623852269,0.1813706882306622,0.953,tdc/Solubility_AqSolDB,tdc,regression,rmse,lgbm_advanced,ecfp_rf
random_matched_control,0.05,0.0815366642631267,0.0810649322752252,-0.0102343067687242,0.1825671474449134,0.9625,tdc/Solubility_AqSolDB,tdc,regression,rmse,lgbm_advanced,ecfp_rf
random_matched_control,0.1,0.0810828856617417,0.0799912924797825,-0.011100542544989,0.1860591813301285,0.9635,tdc/Solubility_AqSolDB,tdc,regression,rmse,lgbm_advanced,ecfp_rf
random_matched_control,0.25,0.0814671349768467,0.0810124190985519,-0.0144163911916375,0.1828452745867553,0.9585,tdc/Solubility_AqSolDB,tdc,regression,rmse,lgbm_advanced,ecfp_rf
random_matched_control,0.5,0.0804782305784366,0.0777298759693189,-0.0140867542555252,0.1843687874685756,0.954,tdc/Solubility_AqSolDB,tdc,regression,rmse,lgbm_advanced,ecfp_rf
random_matched_control,0.75,0.0798523565086461,0.0788014184144828,-0.0134563869200536,0.1882484354414771,0.9545,tdc/Solubility_AqSolDB,tdc,regression,rmse,lgbm_advanced,ecfp_rf
random_matched_control,observed,0.080529155346653,0.0779975499595708,-0.0038516541619697,0.1804381578762671,0.9665,tdc/Solubility_AqSolDB,tdc,regression,rmse,lgbm_advanced,ecfp_rf
clean_reference,0.0,0.4039070522404229,0.4039070522404229,0.4039070522404229,0.4039070522404229,1.0,tdc/VDss_Lombardo,tdc,regression,rmse,lgbm_basic,ecfp_rf
conflict_curve,0.0,0.2022486151229925,-0.1448621490832708,-3.776743417443039,6.540812631271576,0.473,tdc/VDss_Lombardo,tdc,regression,rmse,lgbm_basic,ecfp_rf
conflict_curve,0.05,0.3198398927571106,0.0267600127868529,-4.041563978413808,7.844560361929747,0.505,tdc/VDss_Lombardo,tdc,regression,rmse,lgbm_basic,ecfp_rf
conflict_curve,0.1,0.331400926686707,-0.0793204963815412,-3.964693948989033,6.599899513146022,0.484,tdc/VDss_Lombardo,tdc,regression,rmse,lgbm_basic,ecfp_rf
conflict_curve,0.25,0.4371912212683371,0.1625966209831535,-3.9390659864144775,9.109967440271518,0.534,tdc/VDss_Lombardo,tdc,regression,rmse,lgbm_basic,ecfp_rf
conflict_curve,0.5,-0.0221299654786314,-0.2413209276172079,-1.9893862183184157,6.263939821812921,0.251,tdc/VDss_Lombardo,tdc,regression,rmse,lgbm_basic,ecfp_rf
conflict_curve,0.75,-1.3901624461406394,-1.3649755299351387,-2.884167256853928,0.7001746732687817,0.031,tdc/VDss_Lombardo,tdc,regression,rmse,lgbm_basic,ecfp_rf
conflict_curve,observed,0.3726816108338554,0.0030027319496968,-4.013286748423387,8.806307948081429,0.502,tdc/VDss_Lombardo,tdc,regression,rmse,lgbm_basic,ecfp_rf
leakage_curve,0.0,0.3796356532623483,0.1048522965997005,-1.8159616186011909,4.452004343295232,0.524,tdc/VDss_Lombardo,tdc,regression,rmse,lgbm_basic,ecfp_rf
leakage_curve,0.05,0.3650935190482278,0.119817964817338,-1.920438696437567,4.836763393954843,0.533,tdc/VDss_Lombardo,tdc,regression,rmse,lgbm_basic,ecfp_rf
leakage_curve,0.1,0.3411914515348567,0.0864400543920009,-2.009585781125785,4.723187924311446,0.524,tdc/VDss_Lombardo,tdc,regression,rmse,lgbm_basic,ecfp_rf
leakage_curve,0.25,0.3447576240268008,0.0703956713714295,-1.897494791822556,4.760676885331951,0.512,tdc/VDss_Lombardo,tdc,regression,rmse,lgbm_basic,ecfp_rf
leakage_curve,0.5,0.1358423642821415,-0.0882468393254871,-2.163604078515295,4.6914589774846105,0.461,tdc/VDss_Lombardo,tdc,regression,rmse,lgbm_basic,ecfp_rf
leakage_curve,0.75,0.1287515118739365,-0.0837256008844731,-2.397385664160032,3.928211550573112,0.477,tdc/VDss_Lombardo,tdc,regression,rmse,lgbm_basic,ecfp_rf
leakage_curve,observed,0.3878974814930752,0.0761760839368463,-1.9864169868761248,4.957291970370734,0.526,tdc/VDss_Lombardo,tdc,regression,rmse,lgbm_basic,ecfp_rf
observed_composition,observed,0.1597466256001247,0.1597466256001247,0.1597466256001247,0.1597466256001247,1.0,tdc/VDss_Lombardo,tdc,regression,rmse,lgbm_basic,ecfp_rf
random_matched_control,0.0,0.1466362969171267,-0.0715852675898653,-2.769798709999652,4.27517202527221,0.4895,tdc/VDss_Lombardo,tdc,regression,rmse,lgbm_basic,ecfp_rf
random_matched_control,0.05,0.1778038996841999,-0.1013986550629457,-3.0779050826295373,4.876778451620197,0.474,tdc/VDss_Lombardo,tdc,regression,rmse,lgbm_basic,ecfp_rf
random_matched_control,0.1,0.198005311840497,-0.0619364034427714,-2.827227192203552,4.688435801439151,0.4855,tdc/VDss_Lombardo,tdc,regression,rmse,lgbm_basic,ecfp_rf
random_matched_control,0.25,0.2132060593561238,-0.0377682620719774,-2.859925516131497,4.48489898799539,0.4895,tdc/VDss_Lombardo,tdc,regression,rmse,lgbm_basic,ecfp_rf
random_matched_control,0.5,0.1066044891404969,-0.1590623087956295,-3.244732831152395,4.762131850234565,0.4655,tdc/VDss_Lombardo,tdc,regression,rmse,lgbm_basic,ecfp_rf
random_matched_control,0.75,0.1035550279209046,-0.1718295512154157,-3.3991923137272413,4.772284909488047,0.452,tdc/VDss_Lombardo,tdc,regression,rmse,lgbm_basic,ecfp_rf
random_matched_control,observed,0.1651019298131028,-0.1092286464436318,-3.2904259883488582,4.344590653254184,0.471,tdc/VDss_Lombardo,tdc,regression,rmse,lgbm_basic,ecfp_rf
