dataset,task,mode,target_rate,mean_tau,median_tau,ci_lower,ci_upper
moleculenet/MoleculeNet-BACE,classification,clean_reference,0.0,1.0,1.0,1.0,1.0
moleculenet/MoleculeNet-BACE,classification,leakage_curve,0.0,0.6897236269120269,0.7333333333333333,-0.2,1.0
moleculenet/MoleculeNet-BACE,classification,leakage_curve,observed,0.558246795786448,0.6900655593423543,-0.4666666666666666,1.0
moleculenet/MoleculeNet-BACE,classification,leakage_curve,0.75,0.044842602518968,-0.0666666666666666,-0.4666666666666666,0.8666666666666666
moleculenet/MoleculeNet-BACE,classification,observed_composition,observed,1.0,1.0,1.0,1.0
moleculenet/MoleculeNet-BBBP,classification,clean_reference,0.0,1.0,1.0,1.0,1.0
moleculenet/MoleculeNet-BBBP,classification,leakage_curve,0.0,0.2349439831815699,0.3464101615137754,-0.7302967433402213,0.8563488385776752
moleculenet/MoleculeNet-BBBP,classification,leakage_curve,observed,0.2364465700529082,0.3464101615137754,-0.5962847939999439,0.8563488385776752
moleculenet/MoleculeNet-BBBP,classification,leakage_curve,0.75,0.0598227636984396,0.1154700538379251,-0.5477225575051661,0.6024640760767093
moleculenet/MoleculeNet-BBBP,classification,observed_composition,observed,1.0,1.0,1.0,1.0
moleculenet/MoleculeNet-ESOL,regression,clean_reference,0.0,1.0,1.0,1.0,1.0
moleculenet/MoleculeNet-ESOL,regression,leakage_curve,0.0,0.7941333333333332,0.8666666666666666,0.4666666666666666,1.0
moleculenet/MoleculeNet-ESOL,regression,leakage_curve,observed,0.7763999999999999,0.8666666666666666,0.3333333333333333,1.0
moleculenet/MoleculeNet-ESOL,regression,leakage_curve,0.75,0.4077333333333332,0.4666666666666666,-0.2,1.0
moleculenet/MoleculeNet-ESOL,regression,observed_composition,observed,1.0,1.0,1.0,1.0
moleculenet/MoleculeNet-FreeSolv,regression,clean_reference,0.0,0.3333333333333332,0.3333333333333333,0.3333333333333333,0.3333333333333333
moleculenet/MoleculeNet-FreeSolv,regression,leakage_curve,0.0,0.3631999999999999,0.3333333333333333,-0.0666666666666666,0.8666666666666666
moleculenet/MoleculeNet-FreeSolv,regression,leakage_curve,observed,0.3377333333333333,0.3333333333333333,-0.0666666666666666,0.7333333333333333
moleculenet/MoleculeNet-FreeSolv,regression,leakage_curve,0.75,0.3526666666666666,0.3333333333333333,-0.0666666666666666,0.8666666666666666
moleculenet/MoleculeNet-FreeSolv,regression,observed_composition,observed,1.0,1.0,1.0,1.0
moleculenet/MoleculeNet-HIV,classification,clean_reference,0.0,1.0,1.0,1.0,1.0
moleculenet/MoleculeNet-HIV,classification,leakage_curve,0.0,0.3936281593810469,0.4666666666666666,-0.4666666666666666,0.8666666666666666
moleculenet/MoleculeNet-HIV,classification,leakage_curve,observed,0.4145778315843352,0.4666666666666666,-0.3333333333333333,0.8691522945769801
moleculenet/MoleculeNet-HIV,classification,leakage_curve,0.75,0.4929813615956956,0.4666666666666666,0.0666666666666666,0.7333333333333333
moleculenet/MoleculeNet-HIV,classification,conflict_curve,observed,,,,
moleculenet/MoleculeNet-HIV,classification,observed_composition,observed,1.0,1.0,1.0,1.0
moleculenet/MoleculeNet-Lipophilicity,regression,clean_reference,0.0,0.8666666666666667,0.8666666666666666,0.8666666666666666,0.8666666666666666
moleculenet/MoleculeNet-Lipophilicity,regression,leakage_curve,0.0,0.7725333333333332,0.7333333333333333,0.3333333333333333,1.0
moleculenet/MoleculeNet-Lipophilicity,regression,leakage_curve,observed,0.7434666666666665,0.7333333333333333,0.4633333333333335,1.0
moleculenet/MoleculeNet-Lipophilicity,regression,leakage_curve,0.75,0.6314666666666665,0.6,0.2,0.8666666666666666
moleculenet/MoleculeNet-Lipophilicity,regression,observed_composition,observed,1.0,1.0,1.0,1.0
tdc/BBB_Martins,classification,clean_reference,0.0,0.8666666666666667,0.8666666666666666,0.8666666666666666,0.8666666666666666
tdc/BBB_Martins,classification,leakage_curve,0.0,0.3464715078648742,0.4666666666666666,-0.7333333333333333,1.0
tdc/BBB_Martins,classification,leakage_curve,observed,0.3373862027939031,0.4666666666666666,-0.7333333333333333,0.8666666666666666
tdc/BBB_Martins,classification,leakage_curve,0.75,0.1550867981618872,0.2760262237369416,-0.7333333333333333,0.7333333333333333
tdc/BBB_Martins,classification,conflict_curve,observed,0.1136638624618693,0.2335496832484569,-0.8563488385776752,0.8563488385776752
tdc/BBB_Martins,classification,observed_composition,observed,1.0,1.0,1.0,1.0
tdc/Bioavailability_Ma,classification,clean_reference,0.0,1.0,1.0,1.0,1.0
tdc/Bioavailability_Ma,classification,leakage_curve,0.0,0.189158385991349,0.3464101615137754,-0.7745966692414834,0.8563488385776752
tdc/Bioavailability_Ma,classification,leakage_curve,observed,0.1463592639228374,0.2581988897471611,-0.7745966692414834,0.8563488385776752
tdc/Bioavailability_Ma,classification,leakage_curve,0.75,0.5773502691896256,0.5773502691896257,0.5773502691896257,0.5773502691896257
tdc/Bioavailability_Ma,classification,observed_composition,observed,1.0,1.0,1.0,1.0
tdc/CYP1A2_Veith,classification,clean_reference,0.0,1.0,1.0,1.0,1.0
tdc/CYP1A2_Veith,classification,leakage_curve,0.0,0.8394795562350973,0.8666666666666666,0.4666666666666666,1.0
tdc/CYP1A2_Veith,classification,leakage_curve,observed,0.8315275037876233,0.8666666666666666,0.4666666666666666,1.0
tdc/CYP1A2_Veith,classification,leakage_curve,0.75,0.6267988502328251,0.6,0.0666666666666666,1.0
tdc/CYP1A2_Veith,classification,conflict_curve,observed,0.1942730633670322,0.2581988897471611,-0.7302967433402213,0.7745966692414834
tdc/CYP1A2_Veith,classification,observed_composition,observed,1.0,1.0,1.0,1.0
tdc/CYP2C19_Veith,classification,clean_reference,0.0,0.7333333333333332,0.7333333333333333,0.7333333333333333,0.7333333333333333
tdc/CYP2C19_Veith,classification,leakage_curve,0.0,0.7272900655593422,0.7333333333333333,0.3333333333333333,1.0
tdc/CYP2C19_Veith,classification,leakage_curve,observed,0.7224035300113602,0.7333333333333333,0.3333333333333333,1.0
tdc/CYP2C19_Veith,classification,leakage_curve,0.75,0.7445591124701946,0.7333333333333333,0.4666666666666666,1.0
tdc/CYP2C19_Veith,classification,conflict_curve,observed,0.2084529171066238,0.3464101615137754,-0.7006490497453707,0.8563488385776752
tdc/CYP2C19_Veith,classification,observed_composition,observed,1.0,1.0,1.0,1.0
tdc/CYP2C9_Substrate_CarbonMangels,classification,clean_reference,0.0,1.0,1.0,1.0,1.0
tdc/CYP2C9_Substrate_CarbonMangels,classification,leakage_curve,0.0,0.2406790522829135,0.4140393356054125,-0.8563488385776752,0.8563488385776752
tdc/CYP2C9_Substrate_CarbonMangels,classification,leakage_curve,observed,0.2737115286006256,0.501280411827603,-0.8563488385776752,0.8563488385776752
tdc/CYP2C9_Substrate_CarbonMangels,classification,leakage_curve,0.75,-0.4825174865912652,-0.3892494720807615,-0.894427190999916,0.1154700538379251
tdc/CYP2C9_Substrate_CarbonMangels,classification,observed_composition,observed,1.0,1.0,1.0,1.0
tdc/CYP2C9_Veith,classification,clean_reference,0.0,0.8666666666666667,0.8666666666666666,0.8666666666666666,0.8666666666666666
tdc/CYP2C9_Veith,classification,leakage_curve,0.0,0.7502842360136324,0.7333333333333333,0.4666666666666666,1.0
tdc/CYP2C9_Veith,classification,leakage_curve,observed,0.7796561573424214,0.7333333333333333,0.4666666666666666,1.0
tdc/CYP2C9_Veith,classification,leakage_curve,0.75,0.8899334140431695,0.8666666666666666,0.6,1.0
tdc/CYP2C9_Veith,classification,conflict_curve,observed,0.2296835023934803,0.2981423969999719,-0.6381974900516725,0.8563488385776752
tdc/CYP2C9_Veith,classification,observed_composition,observed,1.0,1.0,1.0,1.0
tdc/CYP2D6_Substrate_CarbonMangels,classification,clean_reference,0.0,0.8666666666666667,0.8666666666666666,0.8666666666666666,0.8666666666666666
tdc/CYP2D6_Substrate_CarbonMangels,classification,leakage_curve,0.0,0.1959866594878748,0.3892494720807615,-0.7778790922919566,0.8563488385776752
tdc/CYP2D6_Substrate_CarbonMangels,classification,leakage_curve,observed,0.1781099156953827,0.3580574370197164,-0.7814897576474771,0.8563488385776752
tdc/CYP2D6_Substrate_CarbonMangels,classification,leakage_curve,0.75,,,,
tdc/CYP2D6_Substrate_CarbonMangels,classification,observed_composition,observed,1.0,1.0,1.0,1.0
tdc/CYP2D6_Veith,classification,clean_reference,0.0,1.0,1.0,1.0,1.0
tdc/CYP2D6_Veith,classification,leakage_curve,0.0,0.808632758449746,0.8666666666666666,0.4666666666666666,1.0
tdc/CYP2D6_Veith,classification,leakage_curve,observed,0.7998327584497458,0.8666666666666666,0.4633333333333335,1.0
tdc/CYP2D6_Veith,classification,leakage_curve,0.75,0.6743696217944396,0.7333333333333333,0.0666666666666666,1.0
tdc/CYP2D6_Veith,classification,conflict_curve,observed,0.2003292272774582,0.3464101615137754,-0.7745966692414834,0.8563488385776752
tdc/CYP2D6_Veith,classification,observed_composition,observed,1.0,1.0,1.0,1.0
tdc/CYP3A4_Substrate_CarbonMangels,classification,clean_reference,0.0,1.0,1.0,1.0,1.0
tdc/CYP3A4_Substrate_CarbonMangels,classification,leakage_curve,0.0,0.208078176958983,0.2335496832484569,-0.5678635860462223,0.894427190999916
tdc/CYP3A4_Substrate_CarbonMangels,classification,leakage_curve,observed,0.1904873529724136,0.2148344622118299,-0.5520524474738833,0.894427190999916
tdc/CYP3A4_Substrate_CarbonMangels,classification,leakage_curve,0.75,0.2982105674296054,0.401644403843087,-0.2581988897471611,0.8563488385776752
tdc/CYP3A4_Substrate_CarbonMangels,classification,observed_composition,observed,1.0,1.0,1.0,1.0
tdc/CYP3A4_Veith,classification,clean_reference,0.0,1.0,1.0,1.0,1.0
tdc/CYP3A4_Veith,classification,leakage_curve,0.0,0.815783661130045,0.8666666666666666,0.4666666666666666,1.0
tdc/CYP3A4_Veith,classification,leakage_curve,observed,0.8183520524474739,0.8666666666666666,0.4666666666666666,1.0
tdc/CYP3A4_Veith,classification,leakage_curve,0.75,0.7904948260477136,0.8666666666666666,0.4666666666666666,1.0
tdc/CYP3A4_Veith,classification,observed_composition,observed,1.0,1.0,1.0,1.0
tdc/Caco2_Wang,regression,clean_reference,0.0,1.0,1.0,1.0,1.0
tdc/Caco2_Wang,regression,leakage_curve,0.0,0.9494666666666668,1.0,0.8666666666666666,1.0
tdc/Caco2_Wang,regression,leakage_curve,observed,0.9289333333333334,1.0,0.7333333333333333,1.0
tdc/Caco2_Wang,regression,leakage_curve,0.75,0.8626666666666665,0.8666666666666666,0.6,1.0
tdc/Caco2_Wang,regression,conflict_curve,observed,0.704,0.7333333333333333,0.0666666666666666,1.0
tdc/Caco2_Wang,regression,observed_composition,observed,1.0,1.0,1.0,1.0
tdc/Clearance_Hepatocyte_AZ,regression,clean_reference,0.0,0.7333333333333332,0.7333333333333333,0.7333333333333333,0.7333333333333333
tdc/Clearance_Hepatocyte_AZ,regression,leakage_curve,0.0,0.6182666666666666,0.7333333333333333,-0.0666666666666666,1.0
tdc/Clearance_Hepatocyte_AZ,regression,leakage_curve,observed,0.6509333333333331,0.7333333333333333,0.0666666666666666,1.0
tdc/Clearance_Hepatocyte_AZ,regression,leakage_curve,0.75,0.7677333333333333,0.7333333333333333,0.4666666666666666,1.0
tdc/Clearance_Hepatocyte_AZ,regression,conflict_curve,observed,0.8847999999999999,0.8666666666666666,0.6,1.0
tdc/Clearance_Hepatocyte_AZ,regression,observed_composition,observed,1.0,1.0,1.0,1.0
tdc/Clearance_Microsome_AZ,regression,clean_reference,0.0,0.8666666666666667,0.8666666666666666,0.8666666666666666,0.8666666666666666
tdc/Clearance_Microsome_AZ,regression,leakage_curve,0.0,0.7315999999999999,0.7333333333333333,-0.0666666666666666,1.0
tdc/Clearance_Microsome_AZ,regression,leakage_curve,observed,0.7234666666666666,0.7333333333333333,-0.0666666666666666,1.0
tdc/Clearance_Microsome_AZ,regression,leakage_curve,0.75,0.5841333333333332,0.7333333333333333,-0.2,1.0
tdc/Clearance_Microsome_AZ,regression,conflict_curve,observed,0.3274666666666666,0.4666666666666666,-0.7333333333333333,1.0
tdc/Clearance_Microsome_AZ,regression,observed_composition,observed,1.0,1.0,1.0,1.0
tdc/HIA_Hou,classification,clean_reference,0.0,0.4666666666666667,0.4666666666666666,0.4666666666666666,0.4666666666666666
tdc/HIA_Hou,classification,leakage_curve,0.0,,,,
tdc/HIA_Hou,classification,leakage_curve,observed,,,,
tdc/HIA_Hou,classification,leakage_curve,0.75,,,,
tdc/HIA_Hou,classification,observed_composition,observed,1.0,1.0,1.0,1.0
tdc/Half_Life_Obach,regression,clean_reference,0.0,0.8666666666666667,0.8666666666666666,0.8666666666666666,0.8666666666666666
tdc/Half_Life_Obach,regression,leakage_curve,0.0,-0.0474666666666666,-0.0666666666666666,-0.7333333333333333,0.7333333333333333
tdc/Half_Life_Obach,regression,leakage_curve,observed,-0.0484,-0.0666666666666666,-0.7333333333333333,0.7333333333333333
tdc/Half_Life_Obach,regression,leakage_curve,0.75,0.6378666666666665,0.6,0.6,0.7333333333333333
tdc/Half_Life_Obach,regression,conflict_curve,observed,-0.0874666666666666,-0.0666666666666666,-0.8666666666666666,0.7333333333333333
tdc/Half_Life_Obach,regression,observed_composition,observed,1.0,1.0,1.0,1.0
tdc/HydrationFreeEnergy_FreeSolv,regression,clean_reference,0.0,1.0,1.0,1.0,1.0
tdc/HydrationFreeEnergy_FreeSolv,regression,leakage_curve,0.0,0.3969333333333333,0.4666666666666666,-0.3333333333333333,0.8666666666666666
tdc/HydrationFreeEnergy_FreeSolv,regression,leakage_curve,observed,0.4313333333333332,0.4666666666666666,-0.3333333333333333,0.8666666666666666
tdc/HydrationFreeEnergy_FreeSolv,regression,leakage_curve,0.75,0.1171999999999999,0.0666666666666666,-0.4666666666666666,1.0
tdc/HydrationFreeEnergy_FreeSolv,regression,observed_composition,observed,1.0,1.0,1.0,1.0
tdc/Lipophilicity_AstraZeneca,regression,clean_reference,0.0,1.0,1.0,1.0,1.0
tdc/Lipophilicity_AstraZeneca,regression,leakage_curve,0.0,0.8379999999999999,0.8666666666666666,0.4666666666666666,1.0
tdc/Lipophilicity_AstraZeneca,regression,leakage_curve,observed,0.8201333333333332,0.8666666666666666,0.4666666666666666,1.0
tdc/Lipophilicity_AstraZeneca,regression,leakage_curve,0.75,0.6953333333333332,0.7333333333333333,0.3333333333333333,1.0
tdc/Lipophilicity_AstraZeneca,regression,conflict_curve,observed,0.0635999999999999,0.0666666666666666,-0.7366666666666665,0.7333333333333333
tdc/Lipophilicity_AstraZeneca,regression,observed_composition,observed,1.0,1.0,1.0,1.0
tdc/PAMPA_NCATS,classification,clean_reference,0.0,0.4666666666666667,0.4666666666666666,0.4666666666666666,0.4666666666666666
tdc/PAMPA_NCATS,classification,leakage_curve,0.0,0.2231146160846174,0.2760262237369416,-0.7333333333333333,0.8666666666666666
tdc/PAMPA_NCATS,classification,leakage_curve,observed,0.2372288643076119,0.3333333333333333,-0.6,0.8666666666666666
tdc/PAMPA_NCATS,classification,leakage_curve,0.75,-0.0805444831966789,-0.0666666666666666,-0.8666666666666666,0.6900655593423543
tdc/PAMPA_NCATS,classification,observed_composition,observed,1.0,1.0,1.0,1.0
tdc/PPBR_AZ,regression,clean_reference,0.0,1.0,1.0,1.0,1.0
tdc/PPBR_AZ,regression,leakage_curve,0.0,0.8805333333333333,0.8666666666666666,0.6,1.0
tdc/PPBR_AZ,regression,leakage_curve,observed,0.8738666666666666,0.8666666666666666,0.6,1.0
tdc/PPBR_AZ,regression,leakage_curve,0.75,0.8013333333333332,0.8666666666666666,0.4666666666666666,1.0
tdc/PPBR_AZ,regression,conflict_curve,observed,0.3607999999999999,0.4666666666666666,-0.7333333333333333,1.0
tdc/PPBR_AZ,regression,observed_composition,observed,1.0,1.0,1.0,1.0
tdc/Pgp_Broccatelli,classification,clean_reference,0.0,0.7333333333333332,0.7333333333333333,0.7333333333333333,0.7333333333333333
tdc/Pgp_Broccatelli,classification,leakage_curve,0.0,0.657563764720866,0.7333333333333333,0.0666666666666666,1.0
tdc/Pgp_Broccatelli,classification,leakage_curve,observed,0.6645365300462256,0.7333333333333333,0.0666666666666666,1.0
tdc/Pgp_Broccatelli,classification,leakage_curve,0.75,0.5160962024662825,0.6,-0.6024640760767093,1.0
tdc/Pgp_Broccatelli,classification,observed_composition,observed,1.0,1.0,1.0,1.0
tdc/Solubility_AqSolDB,regression,clean_reference,0.0,0.8666666666666667,0.8666666666666666,0.8666666666666666,0.8666666666666666
tdc/Solubility_AqSolDB,regression,leakage_curve,0.0,0.8586666666666665,0.8666666666666666,0.6,1.0
tdc/Solubility_AqSolDB,regression,leakage_curve,observed,0.8415999999999999,0.8666666666666666,0.6,1.0
tdc/Solubility_AqSolDB,regression,leakage_curve,0.75,0.7579999999999999,0.7333333333333333,0.6,0.8666666666666666
tdc/Solubility_AqSolDB,regression,conflict_curve,observed,0.8101333333333333,0.8666666666666666,0.6,1.0
tdc/Solubility_AqSolDB,regression,observed_composition,observed,1.0,1.0,1.0,1.0
tdc/VDss_Lombardo,regression,clean_reference,0.0,0.5999999999999998,0.6,0.6,0.6
tdc/VDss_Lombardo,regression,leakage_curve,0.0,0.3711999999999999,0.3333333333333333,-0.2,0.8666666666666666
tdc/VDss_Lombardo,regression,leakage_curve,observed,0.4041333333333333,0.4666666666666666,-0.2,1.0
tdc/VDss_Lombardo,regression,leakage_curve,0.75,0.3,0.3333333333333333,-0.3333333333333333,0.8666666666666666
tdc/VDss_Lombardo,regression,conflict_curve,observed,0.2795999999999999,0.3333333333333333,-0.4666666666666666,0.8666666666666666
tdc/VDss_Lombardo,regression,observed_composition,observed,1.0,1.0,1.0,1.0
