dataset,family,task,metric,model,perf_delta_075_minus_0,score_delta_075_minus_0
moleculenet/MoleculeNet-BACE,moleculenet,classification,auroc,ecfp_linear,-0.021121403212172485,-0.021121403212172485
moleculenet/MoleculeNet-BACE,moleculenet,classification,auroc,ecfp_rf,-0.12669806424344898,-0.12669806424344898
moleculenet/MoleculeNet-BACE,moleculenet,classification,auroc,lgbm_advanced,-0.10796458157227384,-0.10796458157227384
moleculenet/MoleculeNet-BACE,moleculenet,classification,auroc,lgbm_basic,-0.098445190194421,-0.098445190194421
moleculenet/MoleculeNet-BACE,moleculenet,classification,auroc,torch_mlp_advanced,-0.025422924767540156,-0.025422924767540156
moleculenet/MoleculeNet-BACE,moleculenet,classification,auroc,torch_mlp_basic,-0.04280258664412517,-0.04280258664412517
moleculenet/MoleculeNet-BBBP,moleculenet,classification,auroc,ecfp_linear,0.19299999999999995,0.19299999999999995
moleculenet/MoleculeNet-BBBP,moleculenet,classification,auroc,ecfp_rf,0.09275,0.09275
moleculenet/MoleculeNet-BBBP,moleculenet,classification,auroc,lgbm_advanced,0.14433333333333342,0.14433333333333342
moleculenet/MoleculeNet-BBBP,moleculenet,classification,auroc,lgbm_basic,0.1465833333333333,0.1465833333333333
moleculenet/MoleculeNet-BBBP,moleculenet,classification,auroc,torch_mlp_advanced,0.17333333333333345,0.17333333333333345
moleculenet/MoleculeNet-BBBP,moleculenet,classification,auroc,torch_mlp_basic,0.19099999999999995,0.19099999999999995
moleculenet/MoleculeNet-ESOL,moleculenet,regression,rmse,ecfp_linear,0.9227197896770081,-0.9227197896770081
moleculenet/MoleculeNet-ESOL,moleculenet,regression,rmse,ecfp_rf,-0.026016617538859865,0.026016617538859865
moleculenet/MoleculeNet-ESOL,moleculenet,regression,rmse,lgbm_advanced,0.06617464455321265,-0.06617464455321265
moleculenet/MoleculeNet-ESOL,moleculenet,regression,rmse,lgbm_basic,0.020439190824864673,-0.020439190824864673
moleculenet/MoleculeNet-ESOL,moleculenet,regression,rmse,torch_mlp_advanced,0.1962472632090495,-0.1962472632090495
moleculenet/MoleculeNet-ESOL,moleculenet,regression,rmse,torch_mlp_basic,0.5746080773751949,-0.5746080773751949
moleculenet/MoleculeNet-FreeSolv,moleculenet,regression,rmse,ecfp_linear,0.8805523934433497,-0.8805523934433497
moleculenet/MoleculeNet-FreeSolv,moleculenet,regression,rmse,ecfp_rf,0.929533537098461,-0.929533537098461
moleculenet/MoleculeNet-FreeSolv,moleculenet,regression,rmse,lgbm_advanced,0.7630017422935039,-0.7630017422935039
moleculenet/MoleculeNet-FreeSolv,moleculenet,regression,rmse,lgbm_basic,0.5825727085964607,-0.5825727085964607
moleculenet/MoleculeNet-FreeSolv,moleculenet,regression,rmse,torch_mlp_advanced,0.8587968406431994,-0.8587968406431994
moleculenet/MoleculeNet-FreeSolv,moleculenet,regression,rmse,torch_mlp_basic,0.8488074713076732,-0.8488074713076732
moleculenet/MoleculeNet-HIV,moleculenet,classification,auroc,ecfp_linear,0.06433602402492722,0.06433602402492722
moleculenet/MoleculeNet-HIV,moleculenet,classification,auroc,ecfp_rf,0.10292405792379866,0.10292405792379866
moleculenet/MoleculeNet-HIV,moleculenet,classification,auroc,lgbm_advanced,0.027640808544052597,0.027640808544052597
moleculenet/MoleculeNet-HIV,moleculenet,classification,auroc,lgbm_basic,-0.02387959050697941,-0.02387959050697941
moleculenet/MoleculeNet-HIV,moleculenet,classification,auroc,torch_mlp_advanced,0.01208406844932286,0.01208406844932286
moleculenet/MoleculeNet-HIV,moleculenet,classification,auroc,torch_mlp_basic,0.009078133223065943,0.009078133223065943
moleculenet/MoleculeNet-Lipophilicity,moleculenet,regression,rmse,ecfp_linear,0.27910393833850644,-0.27910393833850644
moleculenet/MoleculeNet-Lipophilicity,moleculenet,regression,rmse,ecfp_rf,0.2546433815764937,-0.2546433815764937
moleculenet/MoleculeNet-Lipophilicity,moleculenet,regression,rmse,lgbm_advanced,0.18430625315701188,-0.18430625315701188
moleculenet/MoleculeNet-Lipophilicity,moleculenet,regression,rmse,lgbm_basic,0.18836230632061046,-0.18836230632061046
moleculenet/MoleculeNet-Lipophilicity,moleculenet,regression,rmse,torch_mlp_advanced,0.21194705200030917,-0.21194705200030917
moleculenet/MoleculeNet-Lipophilicity,moleculenet,regression,rmse,torch_mlp_basic,0.23208465326356087,-0.23208465326356087
tdc/BBB_Martins,tdc,classification,auroc,ecfp_linear,0.09250942113442118,0.09250942113442118
tdc/BBB_Martins,tdc,classification,auroc,ecfp_rf,0.10649653263403269,0.10649653263403269
tdc/BBB_Martins,tdc,classification,auroc,lgbm_advanced,0.07871460761460758,0.07871460761460758
tdc/BBB_Martins,tdc,classification,auroc,lgbm_basic,0.07609347319347315,0.07609347319347315
tdc/BBB_Martins,tdc,classification,auroc,torch_mlp_advanced,0.1069900446775447,0.1069900446775447
tdc/BBB_Martins,tdc,classification,auroc,torch_mlp_basic,0.11354314296814294,0.11354314296814294
tdc/Bioavailability_Ma,tdc,classification,auroc,ecfp_linear,0.22699999999999998,0.22699999999999998
tdc/Bioavailability_Ma,tdc,classification,auroc,ecfp_rf,0.2898333333333334,0.2898333333333334
tdc/Bioavailability_Ma,tdc,classification,auroc,lgbm_advanced,0.30100000000000005,0.30100000000000005
tdc/Bioavailability_Ma,tdc,classification,auroc,lgbm_basic,0.31599999999999995,0.31599999999999995
tdc/Bioavailability_Ma,tdc,classification,auroc,torch_mlp_advanced,0.256,0.256
tdc/Bioavailability_Ma,tdc,classification,auroc,torch_mlp_basic,0.244,0.244
tdc/CYP1A2_Veith,tdc,classification,auroc,ecfp_linear,0.10115905664975955,0.10115905664975955
tdc/CYP1A2_Veith,tdc,classification,auroc,ecfp_rf,0.08211392136020879,0.08211392136020879
tdc/CYP1A2_Veith,tdc,classification,auroc,lgbm_advanced,0.07175004329893309,0.07175004329893309
tdc/CYP1A2_Veith,tdc,classification,auroc,lgbm_basic,0.07504370552752626,0.07504370552752626
tdc/CYP1A2_Veith,tdc,classification,auroc,torch_mlp_advanced,0.10290859713120915,0.10290859713120915
tdc/CYP1A2_Veith,tdc,classification,auroc,torch_mlp_basic,0.09605749632920935,0.09605749632920935
tdc/CYP2C19_Veith,tdc,classification,auroc,ecfp_linear,0.12453938604287862,0.12453938604287862
tdc/CYP2C19_Veith,tdc,classification,auroc,ecfp_rf,0.07483304289664572,0.07483304289664572
tdc/CYP2C19_Veith,tdc,classification,auroc,lgbm_advanced,0.08737106249551108,0.08737106249551108
tdc/CYP2C19_Veith,tdc,classification,auroc,lgbm_basic,0.08660910072362271,0.08660910072362271
tdc/CYP2C19_Veith,tdc,classification,auroc,torch_mlp_advanced,0.09059319751939243,0.09059319751939243
tdc/CYP2C19_Veith,tdc,classification,auroc,torch_mlp_basic,0.09655096580298794,0.09655096580298794
tdc/CYP2C9_Substrate_CarbonMangels,tdc,classification,auroc,ecfp_linear,-0.18450000000000005,-0.18450000000000005
tdc/CYP2C9_Substrate_CarbonMangels,tdc,classification,auroc,ecfp_rf,-0.26116666666666666,-0.26116666666666666
tdc/CYP2C9_Substrate_CarbonMangels,tdc,classification,auroc,lgbm_advanced,-0.5026666666666668,-0.5026666666666668
tdc/CYP2C9_Substrate_CarbonMangels,tdc,classification,auroc,lgbm_basic,-0.5068333333333334,-0.5068333333333334
tdc/CYP2C9_Substrate_CarbonMangels,tdc,classification,auroc,torch_mlp_advanced,-0.19533333333333336,-0.19533333333333336
tdc/CYP2C9_Substrate_CarbonMangels,tdc,classification,auroc,torch_mlp_basic,-0.23783333333333334,-0.23783333333333334
tdc/CYP2C9_Veith,tdc,classification,auroc,ecfp_linear,0.10814868126044586,0.10814868126044586
tdc/CYP2C9_Veith,tdc,classification,auroc,ecfp_rf,0.09991895696601572,0.09991895696601572
tdc/CYP2C9_Veith,tdc,classification,auroc,lgbm_advanced,0.091473751579634,0.091473751579634
tdc/CYP2C9_Veith,tdc,classification,auroc,lgbm_basic,0.09182621716739348,0.09182621716739348
tdc/CYP2C9_Veith,tdc,classification,auroc,torch_mlp_advanced,0.11690545839957611,0.11690545839957611
tdc/CYP2C9_Veith,tdc,classification,auroc,torch_mlp_basic,0.12426100648159466,0.12426100648159466
tdc/CYP2D6_Substrate_CarbonMangels,tdc,classification,auroc,ecfp_linear,,
tdc/CYP2D6_Substrate_CarbonMangels,tdc,classification,auroc,ecfp_rf,,
tdc/CYP2D6_Substrate_CarbonMangels,tdc,classification,auroc,lgbm_advanced,,
tdc/CYP2D6_Substrate_CarbonMangels,tdc,classification,auroc,lgbm_basic,,
tdc/CYP2D6_Substrate_CarbonMangels,tdc,classification,auroc,torch_mlp_advanced,,
tdc/CYP2D6_Substrate_CarbonMangels,tdc,classification,auroc,torch_mlp_basic,,
tdc/CYP2D6_Veith,tdc,classification,auroc,ecfp_linear,0.10537300952936779,0.10537300952936779
tdc/CYP2D6_Veith,tdc,classification,auroc,ecfp_rf,0.06329712837147272,0.06329712837147272
tdc/CYP2D6_Veith,tdc,classification,auroc,lgbm_advanced,0.07018914321883152,0.07018914321883152
tdc/CYP2D6_Veith,tdc,classification,auroc,lgbm_basic,0.06959353930655265,0.06959353930655265
tdc/CYP2D6_Veith,tdc,classification,auroc,torch_mlp_advanced,0.10563730504106561,0.10563730504106561
tdc/CYP2D6_Veith,tdc,classification,auroc,torch_mlp_basic,0.10314151067837363,0.10314151067837363
tdc/CYP3A4_Substrate_CarbonMangels,tdc,classification,auroc,ecfp_linear,-0.05076388888888894,-0.05076388888888894
tdc/CYP3A4_Substrate_CarbonMangels,tdc,classification,auroc,ecfp_rf,0.011083333333333223,0.011083333333333223
tdc/CYP3A4_Substrate_CarbonMangels,tdc,classification,auroc,lgbm_advanced,-0.008305555555555566,-0.008305555555555566
tdc/CYP3A4_Substrate_CarbonMangels,tdc,classification,auroc,lgbm_basic,0.0195277777777777,0.0195277777777777
tdc/CYP3A4_Substrate_CarbonMangels,tdc,classification,auroc,torch_mlp_advanced,-0.03995833333333332,-0.03995833333333332
tdc/CYP3A4_Substrate_CarbonMangels,tdc,classification,auroc,torch_mlp_basic,-0.028374999999999928,-0.028374999999999928
tdc/CYP3A4_Veith,tdc,classification,auroc,ecfp_linear,0.1389461198842986,0.1389461198842986
tdc/CYP3A4_Veith,tdc,classification,auroc,ecfp_rf,0.09716113469777177,0.09716113469777177
tdc/CYP3A4_Veith,tdc,classification,auroc,lgbm_advanced,0.09106427141618223,0.09106427141618223
tdc/CYP3A4_Veith,tdc,classification,auroc,lgbm_basic,0.09293995970820357,0.09293995970820357
tdc/CYP3A4_Veith,tdc,classification,auroc,torch_mlp_advanced,0.1186183353256215,0.1186183353256215
tdc/CYP3A4_Veith,tdc,classification,auroc,torch_mlp_basic,0.10968502997788376,0.10968502997788376
tdc/Caco2_Wang,tdc,regression,rmse,ecfp_linear,0.2906968328521393,-0.2906968328521393
tdc/Caco2_Wang,tdc,regression,rmse,ecfp_rf,0.14323080675576716,-0.14323080675576716
tdc/Caco2_Wang,tdc,regression,rmse,lgbm_advanced,0.14578662226733752,-0.14578662226733752
tdc/Caco2_Wang,tdc,regression,rmse,lgbm_basic,0.17542967913796004,-0.17542967913796004
tdc/Caco2_Wang,tdc,regression,rmse,torch_mlp_advanced,0.47569929614889395,-0.47569929614889395
tdc/Caco2_Wang,tdc,regression,rmse,torch_mlp_basic,0.6417613545900568,-0.6417613545900568
tdc/Clearance_Hepatocyte_AZ,tdc,regression,rmse,ecfp_linear,26.172280088886644,-26.172280088886644
tdc/Clearance_Hepatocyte_AZ,tdc,regression,rmse,ecfp_rf,17.291633322661845,-17.291633322661845
tdc/Clearance_Hepatocyte_AZ,tdc,regression,rmse,lgbm_advanced,16.437275311268223,-16.437275311268223
tdc/Clearance_Hepatocyte_AZ,tdc,regression,rmse,lgbm_basic,17.65925592733074,-17.65925592733074
tdc/Clearance_Hepatocyte_AZ,tdc,regression,rmse,torch_mlp_advanced,13.436909406652084,-13.436909406652084
tdc/Clearance_Hepatocyte_AZ,tdc,regression,rmse,torch_mlp_basic,15.934286812461004,-15.934286812461004
tdc/Clearance_Microsome_AZ,tdc,regression,rmse,ecfp_linear,21.45792342390026,-21.45792342390026
tdc/Clearance_Microsome_AZ,tdc,regression,rmse,ecfp_rf,5.903994417712447,-5.903994417712447
tdc/Clearance_Microsome_AZ,tdc,regression,rmse,lgbm_advanced,4.175220066722169,-4.175220066722169
tdc/Clearance_Microsome_AZ,tdc,regression,rmse,lgbm_basic,3.879348419127801,-3.879348419127801
tdc/Clearance_Microsome_AZ,tdc,regression,rmse,torch_mlp_advanced,10.371442259559835,-10.371442259559835
tdc/Clearance_Microsome_AZ,tdc,regression,rmse,torch_mlp_basic,11.064195357424055,-11.064195357424055
tdc/HIA_Hou,tdc,classification,auroc,ecfp_linear,,
tdc/HIA_Hou,tdc,classification,auroc,ecfp_rf,,
tdc/HIA_Hou,tdc,classification,auroc,lgbm_advanced,,
tdc/HIA_Hou,tdc,classification,auroc,lgbm_basic,,
tdc/HIA_Hou,tdc,classification,auroc,torch_mlp_advanced,,
tdc/HIA_Hou,tdc,classification,auroc,torch_mlp_basic,,
tdc/Half_Life_Obach,tdc,regression,rmse,ecfp_linear,-44.250178580565304,44.250178580565304
tdc/Half_Life_Obach,tdc,regression,rmse,ecfp_rf,-123.37677339486018,123.37677339486018
tdc/Half_Life_Obach,tdc,regression,rmse,lgbm_advanced,-113.7561928081648,113.7561928081648
tdc/Half_Life_Obach,tdc,regression,rmse,lgbm_basic,-152.28414995345057,152.28414995345057
tdc/Half_Life_Obach,tdc,regression,rmse,torch_mlp_advanced,-75.60078940894626,75.60078940894626
tdc/Half_Life_Obach,tdc,regression,rmse,torch_mlp_basic,-58.222496737113836,58.222496737113836
tdc/HydrationFreeEnergy_FreeSolv,tdc,regression,rmse,ecfp_linear,1.375648688746258,-1.375648688746258
tdc/HydrationFreeEnergy_FreeSolv,tdc,regression,rmse,ecfp_rf,1.3598886857726071,-1.3598886857726071
tdc/HydrationFreeEnergy_FreeSolv,tdc,regression,rmse,lgbm_advanced,0.8752414871726406,-0.8752414871726406
tdc/HydrationFreeEnergy_FreeSolv,tdc,regression,rmse,lgbm_basic,0.7392938977084684,-0.7392938977084684
tdc/HydrationFreeEnergy_FreeSolv,tdc,regression,rmse,torch_mlp_advanced,1.4087202040239495,-1.4087202040239495
tdc/HydrationFreeEnergy_FreeSolv,tdc,regression,rmse,torch_mlp_basic,1.4611402297321767,-1.4611402297321767
tdc/Lipophilicity_AstraZeneca,tdc,regression,rmse,ecfp_linear,0.5347394243666093,-0.5347394243666093
tdc/Lipophilicity_AstraZeneca,tdc,regression,rmse,ecfp_rf,0.31079597472247955,-0.31079597472247955
tdc/Lipophilicity_AstraZeneca,tdc,regression,rmse,lgbm_advanced,0.2845402755821882,-0.2845402755821882
tdc/Lipophilicity_AstraZeneca,tdc,regression,rmse,lgbm_basic,0.2508793720548078,-0.2508793720548078
tdc/Lipophilicity_AstraZeneca,tdc,regression,rmse,torch_mlp_advanced,0.30712891623351646,-0.30712891623351646
tdc/Lipophilicity_AstraZeneca,tdc,regression,rmse,torch_mlp_basic,0.3171283413452476,-0.3171283413452476
tdc/PAMPA_NCATS,tdc,classification,auroc,ecfp_linear,0.13567355889724309,0.13567355889724309
tdc/PAMPA_NCATS,tdc,classification,auroc,ecfp_rf,0.10028289473684215,0.10028289473684215
tdc/PAMPA_NCATS,tdc,classification,auroc,lgbm_advanced,0.12074310776942354,0.12074310776942354
tdc/PAMPA_NCATS,tdc,classification,auroc,lgbm_basic,0.11940601503759407,0.11940601503759407
tdc/PAMPA_NCATS,tdc,classification,auroc,torch_mlp_advanced,0.1766387844611529,0.1766387844611529
tdc/PAMPA_NCATS,tdc,classification,auroc,torch_mlp_basic,0.15210933583959896,0.15210933583959896
tdc/PPBR_AZ,tdc,regression,rmse,ecfp_linear,13.536045891206946,-13.536045891206946
tdc/PPBR_AZ,tdc,regression,rmse,ecfp_rf,7.687876015441326,-7.687876015441326
tdc/PPBR_AZ,tdc,regression,rmse,lgbm_advanced,7.104663813267374,-7.104663813267374
tdc/PPBR_AZ,tdc,regression,rmse,lgbm_basic,6.7282206123449,-6.7282206123449
tdc/PPBR_AZ,tdc,regression,rmse,torch_mlp_advanced,9.77183259185048,-9.77183259185048
tdc/PPBR_AZ,tdc,regression,rmse,torch_mlp_basic,10.512127253238512,-10.512127253238512
tdc/Pgp_Broccatelli,tdc,classification,auroc,ecfp_linear,0.13909549274884647,0.13909549274884647
tdc/Pgp_Broccatelli,tdc,classification,auroc,ecfp_rf,0.11214900296638097,0.11214900296638097
tdc/Pgp_Broccatelli,tdc,classification,auroc,lgbm_advanced,0.1203332069874753,0.1203332069874753
tdc/Pgp_Broccatelli,tdc,classification,auroc,lgbm_basic,0.14004501483190512,0.14004501483190512
tdc/Pgp_Broccatelli,tdc,classification,auroc,torch_mlp_advanced,0.18224278180619646,0.18224278180619646
tdc/Pgp_Broccatelli,tdc,classification,auroc,torch_mlp_basic,0.19348627224785753,0.19348627224785753
tdc/Solubility_AqSolDB,tdc,regression,rmse,ecfp_linear,0.3944901537418102,-0.3944901537418102
tdc/Solubility_AqSolDB,tdc,regression,rmse,ecfp_rf,0.2830143253866626,-0.2830143253866626
tdc/Solubility_AqSolDB,tdc,regression,rmse,lgbm_advanced,0.23831910085307229,-0.23831910085307229
tdc/Solubility_AqSolDB,tdc,regression,rmse,lgbm_basic,0.19266884440875187,-0.19266884440875187
tdc/Solubility_AqSolDB,tdc,regression,rmse,torch_mlp_advanced,0.33850492067644655,-0.33850492067644655
tdc/Solubility_AqSolDB,tdc,regression,rmse,torch_mlp_basic,0.4943586061254319,-0.4943586061254319
tdc/VDss_Lombardo,tdc,regression,rmse,ecfp_linear,3.8390300217594833,-3.8390300217594833
tdc/VDss_Lombardo,tdc,regression,rmse,ecfp_rf,2.635278506226124,-2.635278506226124
tdc/VDss_Lombardo,tdc,regression,rmse,lgbm_advanced,2.7134046911234604,-2.7134046911234604
tdc/VDss_Lombardo,tdc,regression,rmse,lgbm_basic,2.384394364837713,-2.384394364837713
tdc/VDss_Lombardo,tdc,regression,rmse,torch_mlp_advanced,2.3560791707572992,-2.3560791707572992
tdc/VDss_Lombardo,tdc,regression,rmse,torch_mlp_basic,2.8834749838662286,-2.8834749838662286
